comparison,split_a,uav_a,split_b,uav_b,overlap_cycles,sampled_points,robust_scaled_rmse,robust_scaled_mean_absolute_difference,near_duplicate
train-train,train,UAV_0006,train,UAV_0067,263,100,0.8649339816308521,0.5988765672055142,False
train-train,train,UAV_0015,train,UAV_0099,145,100,0.8650742746966491,0.6063204485456659,False
train-train,train,UAV_0008,train,UAV_0031,183,100,0.8737317155395543,0.6275355857862609,False
train-train,train,UAV_0008,train,UAV_0067,263,100,0.8764814218003556,0.6311188719123224,False
train-train,train,UAV_0025,train,UAV_0064,193,100,0.8870418563512074,0.62617265070181,False
train-train,train,UAV_0016,train,UAV_0043,321,100,0.8878499055210217,0.6457396243770919,False
train-train,train,UAV_0056,train,UAV_0058,178,100,0.9058950288109712,0.6527121208111188,False
train-train,train,UAV_0031,train,UAV_0040,183,100,0.9098746416787581,0.655206294820827,False
train-train,train,UAV_0053,train,UAV_0093,164,100,0.9154281962003414,0.6513599980716511,False
train-train,train,UAV_0026,train,UAV_0052,222,100,0.9299914211949594,0.6335778543688722,False
train-train,train,UAV_0012,train,UAV_0053,164,100,0.9335979104873624,0.6502234413154372,False
train-train,train,UAV_0045,train,UAV_0060,190,100,0.9411586969649515,0.6806621666639433,False
train-train,train,UAV_0031,train,UAV_0099,145,100,0.9503727184728485,0.693903289666577,False
train-train,train,UAV_0014,train,UAV_0053,164,100,0.9753415378104852,0.7232158199394488,False
train-train,train,UAV_0050,train,UAV_0056,161,100,0.978024822876629,0.7521182174422736,False
train-train,train,UAV_0031,train,UAV_0058,178,100,0.9857288465404788,0.7075260944333149,False
train-train,train,UAV_0043,train,UAV_0088,321,100,0.9886581901982151,0.7025227551190885,False
train-train,train,UAV_0050,train,UAV_0074,161,100,0.988837464807319,0.6953350696878157,False
train-train,train,UAV_0050,train,UAV_0093,161,100,1.0198175602260677,0.6002556365427143,False
train-train,train,UAV_0036,train,UAV_0067,263,100,1.0260484465923014,0.7875377789284537,False
train-train,train,UAV_0021,train,UAV_0060,190,100,1.0354707419074463,0.7519940171466343,False
train-train,train,UAV_0058,train,UAV_0061,178,100,1.0374246042513848,0.706693582163692,False
train-train,train,UAV_0032,train,UAV_0099,145,100,1.042925406719279,0.8041985468214935,False
train-train,train,UAV_0099,train,UAV_0100,145,100,1.0786317461387624,0.6248391727517336,False
train-train,train,UAV_0051,train,UAV_0052,190,100,1.079851764961205,0.7159212632824391,False
train-train,train,UAV_0051,train,UAV_0064,190,100,1.083855721788881,0.6618209525444627,False
train-train,train,UAV_0050,train,UAV_0058,161,100,1.0979409585633122,0.6737619687695315,False
train-train,train,UAV_0003,train,UAV_0051,190,100,1.1012345381948694,0.7043367204572143,False
train-train,train,UAV_0041,train,UAV_0075,259,100,1.104582956350743,0.874736544958192,False
train-train,train,UAV_0053,train,UAV_0066,164,100,1.106601817763307,0.7813793490683022,False
train-train,train,UAV_0006,train,UAV_0051,190,100,1.1100989740810243,0.6962990569133255,False
train-train,train,UAV_0083,train,UAV_0087,172,100,1.1112798921033833,0.6282068021833355,False
train-train,train,UAV_0031,train,UAV_0056,183,100,1.1127913233966051,0.6279059702186351,False
train-train,train,UAV_0012,train,UAV_0099,145,100,1.1154690043347713,0.7026931053297741,False
train-train,train,UAV_0050,train,UAV_0090,161,100,1.1190921567207277,0.6540742551934472,False
train-train,train,UAV_0029,train,UAV_0052,222,100,1.12922562013319,0.7020703407329113,False
train-train,train,UAV_0028,train,UAV_0050,161,100,1.1295335279402072,0.664875943972836,False
train-train,train,UAV_0014,train,UAV_0065,207,100,1.129813395285095,0.6569531985160868,False
train-train,train,UAV_0052,train,UAV_0086,222,100,1.1352556710003794,0.7345487482850903,False
train-train,train,UAV_0050,train,UAV_0065,161,100,1.1396795202741117,0.7299119537185208,False
train-train,train,UAV_0028,train,UAV_0052,200,100,1.139707484720953,0.7088011508754463,False
train-train,train,UAV_0021,train,UAV_0045,205,100,1.1413723908640894,0.7034694569586569,False
train-train,train,UAV_0011,train,UAV_0060,190,100,1.1440267933213035,0.7448309693822054,False
train-train,train,UAV_0030,train,UAV_0051,190,100,1.148425739853681,0.672308169484784,False
train-train,train,UAV_0058,train,UAV_0083,178,100,1.1539170658721345,0.6841630097713594,False
train-train,train,UAV_0014,train,UAV_0050,161,100,1.1550245962973575,0.6956334936330159,False
train-train,train,UAV_0070,train,UAV_0091,156,100,1.1563770991070046,0.6510136068225906,False
train-train,train,UAV_0028,train,UAV_0065,200,100,1.156885593034772,0.7307806576471312,False
train-train,train,UAV_0025,train,UAV_0052,193,100,1.1574470293029258,0.7679999953079463,False
train-train,train,UAV_0070,train,UAV_0083,172,100,1.157957214536434,0.6399177312448011,False
train-train,train,UAV_0026,train,UAV_0028,200,100,1.159578728058297,0.725753719445381,False
train-train,train,UAV_0092,train,UAV_0099,145,100,1.1621875285582561,0.6666010589074847,False
train-train,train,UAV_0008,train,UAV_0015,202,100,1.167494246283853,0.6923936495090718,False
train-train,train,UAV_0023,train,UAV_0050,161,100,1.1684279029441007,0.6738326703095638,False
train-train,train,UAV_0075,train,UAV_0088,259,100,1.1684489662707953,0.8323515630348037,False
train-train,train,UAV_0049,train,UAV_0060,190,100,1.170863738606201,0.8632986837097647,False
train-train,train,UAV_0021,train,UAV_0084,220,100,1.1726832091814694,0.654959077224219,False
train-train,train,UAV_0040,train,UAV_0058,178,100,1.1766627606032503,0.6235099581695562,False
train-train,train,UAV_0012,train,UAV_0070,170,100,1.1819722018843557,0.6672488033590185,False
train-train,train,UAV_0054,train,UAV_0099,145,100,1.1908055252603598,0.7094056047254701,False
train-train,train,UAV_0060,train,UAV_0077,190,100,1.192377543833633,0.9117515641623306,False
train-train,train,UAV_0026,train,UAV_0029,223,100,1.1968265888506808,0.7010747871658972,False
train-train,train,UAV_0065,train,UAV_0067,234,100,1.1972112575100402,0.6876472678186194,False
train-train,train,UAV_0052,train,UAV_0063,222,100,1.2033077479775012,0.7249080537058399,False
train-train,train,UAV_0064,train,UAV_0087,172,100,1.212627000386615,0.7771618240226851,False
train-train,train,UAV_0011,train,UAV_0021,197,100,1.2132264593842028,0.800698594764093,False
train-train,train,UAV_0021,train,UAV_0033,220,100,1.2271965843534476,0.7526554201136794,False
train-train,train,UAV_0061,train,UAV_0099,145,100,1.2275018887718885,0.7876212324466522,False
train-train,train,UAV_0019,train,UAV_0060,190,100,1.2298328292994056,0.9906988339004734,False
train-train,train,UAV_0026,train,UAV_0047,243,100,1.2331828269809142,0.7647328780820349,False
train-train,train,UAV_0079,train,UAV_0099,145,100,1.2342847632007017,0.8289477156431821,False
train-train,train,UAV_0002,train,UAV_0060,190,100,1.2346169447714819,0.8581372767923677,False
train-train,train,UAV_0037,train,UAV_0098,307,100,1.234833990478286,0.8374376604776802,False
train-train,train,UAV_0007,train,UAV_0018,424,100,1.2440623304360245,0.7429437368267434,False
train-train,train,UAV_0004,train,UAV_0026,243,100,1.2495683775003021,0.8017394646514223,False
train-train,train,UAV_0002,train,UAV_0049,253,100,1.2535673635744393,0.7763734686892122,False
train-train,train,UAV_0006,train,UAV_0036,278,100,1.2603454765101572,0.8167798941451807,False
train-train,train,UAV_0039,train,UAV_0053,164,100,1.2645989574220697,0.9805014421738663,False
train-train,train,UAV_0050,train,UAV_0081,161,100,1.2650503568946185,0.9718690951437053,False
train-train,train,UAV_0080,train,UAV_0093,147,100,1.2725751125486107,0.6754863166923496,False
train-train,train,UAV_0091,train,UAV_0099,145,100,1.2756934724529978,0.8550541804280571,False
train-train,train,UAV_0057,train,UAV_0060,190,100,1.285900278034012,0.8689726891677503,False
train-train,train,UAV_0045,train,UAV_0057,205,100,1.2916564169448725,0.875144238421238,False
train-train,train,UAV_0033,train,UAV_0053,164,100,1.2921407747567213,1.0052563563925685,False
train-train,train,UAV_0031,train,UAV_0054,183,100,1.2993636008525637,0.7384717581233929,False
train-train,train,UAV_0041,train,UAV_0097,275,100,1.3043581397027573,0.6970542257422088,False
train-train,train,UAV_0063,train,UAV_0099,145,100,1.307929198804927,0.8522205295648732,False
train-train,train,UAV_0013,train,UAV_0050,161,100,1.3091506550987293,0.8418371368467803,False
train-train,train,UAV_0047,train,UAV_0053,164,100,1.3132806553446794,0.9864622571357526,False
train-train,train,UAV_0002,train,UAV_0011,197,100,1.314576476402801,0.8184819286649093,False
train-train,train,UAV_0048,train,UAV_0064,174,100,1.3149929478790277,0.7497247888017329,False
train-train,train,UAV_0009,train,UAV_0043,321,100,1.3221280787080207,0.8345222984965969,False
train-train,train,UAV_0033,train,UAV_0059,231,100,1.32272952444079,0.8464379910166226,False
train-train,train,UAV_0056,train,UAV_0069,170,100,1.3237485002569682,0.6455566742970592,False
train-train,train,UAV_0005,train,UAV_0031,183,100,1.3279973445411508,0.7182894770104579,False
train-train,train,UAV_0002,train,UAV_0062,246,100,1.332067856459914,0.6978710810812173,False
train-train,train,UAV_0014,train,UAV_0023,196,100,1.3373687490578776,0.6582941012900574,False
train-train,train,UAV_0050,train,UAV_0079,161,100,1.3378333489665561,0.6364261384325854,False
train-train,train,UAV_0061,train,UAV_0080,147,100,1.3414389483985552,0.7541850373740621,False
train-train,train,UAV_0090,train,UAV_0099,145,100,1.3475857091055048,0.8860158286043288,False
train-train,train,UAV_0044,train,UAV_0099,145,100,1.347640231475879,0.666311911332021,False
train-train,train,UAV_0038,train,UAV_0060,190,100,1.3479128863781877,0.8056869397231216,False
train-train,train,UAV_0027,train,UAV_0037,320,100,1.3497126418553516,0.8288408931724309,False
train-train,train,UAV_0020,train,UAV_0043,321,100,1.3507858737286649,0.6990851447405626,False
train-train,train,UAV_0088,train,UAV_0097,275,100,1.363054516001403,0.8628881906893308,False
train-train,train,UAV_0025,train,UAV_0030,193,100,1.366364043565178,0.7594041364146744,False
train-train,train,UAV_0067,train,UAV_0096,263,100,1.369035859756965,1.0959490075999287,False
train-train,train,UAV_0093,train,UAV_0099,145,100,1.3711514545086132,0.8279323859260176,False
train-train,train,UAV_0006,train,UAV_0014,207,100,1.376666820360524,0.7538119994112092,False
train-train,train,UAV_0087,train,UAV_0099,145,100,1.3841327268773471,0.7523150223667662,False
train-train,train,UAV_0081,train,UAV_0098,307,100,1.3882230871614016,0.8150413591954825,False
train-train,train,UAV_0074,train,UAV_0091,156,100,1.3947757020614913,0.718361001399145,False
train-train,train,UAV_0002,train,UAV_0020,253,100,1.3992387253433496,0.9097668943602466,False
train-train,train,UAV_0003,train,UAV_0025,193,100,1.4034670448622395,0.8003764954743045,False
train-train,train,UAV_0086,train,UAV_0093,171,100,1.4126112891866587,0.8502878557284037,False
train-train,train,UAV_0097,train,UAV_0098,275,100,1.4148485081442699,0.7727793758602606,False
train-train,train,UAV_0066,train,UAV_0070,165,100,1.415268031610986,0.6889467695850319,False
train-train,train,UAV_0005,train,UAV_0006,213,100,1.4258409331989743,0.769578589042494,False
train-train,train,UAV_0006,train,UAV_0012,170,100,1.433451942233429,0.7313345471780743,False
train-train,train,UAV_0032,train,UAV_0048,174,100,1.4337636069394737,0.7073911653138397,False
train-train,train,UAV_0002,train,UAV_0039,253,100,1.4388153264360368,0.8069946736985665,False
train-train,train,UAV_0069,train,UAV_0070,170,100,1.4461349662124239,0.858113688657892,False
train-train,train,UAV_0002,train,UAV_0082,253,100,1.447130981243124,0.8552316242573221,False
train-train,train,UAV_0043,train,UAV_0094,321,100,1.4564729126106999,0.8948063818017309,False
train-train,train,UAV_0059,train,UAV_0099,145,100,1.4599417242262833,1.1769228425559926,False
train-train,train,UAV_0004,train,UAV_0008,267,100,1.4649069607777787,0.6707599474539023,False
train-train,train,UAV_0031,train,UAV_0032,183,100,1.470257476313935,0.9007810974653843,False
train-train,train,UAV_0095,train,UAV_0099,145,100,1.4923544008278362,0.7250756527365293,False
train-train,train,UAV_0083,train,UAV_0092,158,100,1.5060950411066671,0.8798444007302658,False
train-train,train,UAV_0012,train,UAV_0044,170,100,1.5385590970083516,0.6980401409148671,False
train-train,train,UAV_0011,train,UAV_0046,197,100,1.5386907586771765,0.7891677786771795,False
train-train,train,UAV_0034,train,UAV_0043,321,100,1.5450574989557464,0.9819592787821714,False
train-train,train,UAV_0026,train,UAV_0034,243,100,1.5491186321032744,0.9611635834240928,False
train-train,train,UAV_0017,train,UAV_0097,275,100,1.5537426844600555,1.0394324697712116,False
train-train,train,UAV_0003,train,UAV_0005,213,100,1.5540205859973069,0.7937116104585896,False
train-train,train,UAV_0022,train,UAV_0058,178,100,1.5558658809494692,0.8012393164612425,False
train-train,train,UAV_0046,train,UAV_0060,190,100,1.560386648621774,0.7696178393162653,False
train-train,train,UAV_0018,train,UAV_0096,447,100,1.5616289035991537,0.8873134943291274,False
train-train,train,UAV_0062,train,UAV_0097,246,100,1.5651821862921318,0.8168414095928564,False
train-train,train,UAV_0025,train,UAV_0041,193,100,1.566161755793307,1.0557304315666456,False
train-train,train,UAV_0045,train,UAV_0073,205,100,1.5941765633698706,0.9451933248099987,False
train-train,train,UAV_0006,train,UAV_0013,185,100,1.6109032851300906,0.8455891866838394,False
train-train,train,UAV_0007,train,UAV_0024,424,100,1.6125627089382515,1.0284878251746299,False
train-train,train,UAV_0018,train,UAV_0071,409,100,1.622163879861395,0.8886548526407563,False
train-train,train,UAV_0050,train,UAV_0095,161,100,1.6304058559240282,0.8948395228190392,False
train-train,train,UAV_0077,train,UAV_0098,255,100,1.6392951375010507,1.0772687227715159,False
train-train,train,UAV_0082,train,UAV_0098,285,100,1.6560421414727986,0.9058155430440528,False
train-train,train,UAV_0010,train,UAV_0071,409,100,1.659856234047248,1.0716494619200512,False
train-train,train,UAV_0018,train,UAV_0027,320,100,1.662597906143995,1.0544809848013805,False
train-train,train,UAV_0084,train,UAV_0098,226,100,1.6846303111401455,0.8940857120277187,False
train-train,train,UAV_0011,train,UAV_0042,193,100,1.6867353926760251,0.8338444654989468,False
train-train,train,UAV_0096,train,UAV_0097,275,100,1.6889340875396501,0.9439967738414041,False
train-train,train,UAV_0042,train,UAV_0045,193,100,1.7058589493297418,0.9177488077828755,False
train-train,train,UAV_0025,train,UAV_0038,193,100,1.7277518905094469,1.1347956095605236,False
train-train,train,UAV_0024,train,UAV_0071,409,100,1.7437443306720282,0.9834566915991664,False
train-train,train,UAV_0009,train,UAV_0016,344,100,1.763729928120528,0.8284247970570665,False
train-train,train,UAV_0098,train,UAV_0099,145,100,1.766177536928721,1.297777198422291,False
train-train,train,UAV_0002,train,UAV_0009,253,100,1.772261565695305,1.060638146174253,False
train-train,train,UAV_0002,train,UAV_0003,222,100,1.7900825130911593,1.0533960768665127,False
train-train,train,UAV_0002,train,UAV_0007,253,100,1.7950482229301632,1.071685048782826,False
train-train,train,UAV_0018,train,UAV_0055,447,100,1.7993779878096745,1.040102355535063,False
train-train,train,UAV_0006,train,UAV_0017,278,100,1.8306668075020762,1.2770423906985158,False
train-train,train,UAV_0006,train,UAV_0022,192,100,1.8371686414601653,0.8034775278489601,False
train-train,train,UAV_0011,train,UAV_0019,197,100,1.8594332379878056,1.2223874122366798,False
train-train,train,UAV_0094,train,UAV_0097,275,100,1.8737491001386644,1.0005267958098905,False
train-train,train,UAV_0003,train,UAV_0004,222,100,1.9166005911150703,0.9560822909491968,False
train-train,train,UAV_0055,train,UAV_0071,409,100,1.916858954346377,1.049092368857654,False
train-train,train,UAV_0071,train,UAV_0096,409,100,1.9312182256995314,1.1229780497613266,False
train-train,train,UAV_0073,train,UAV_0081,215,100,1.9681399139869187,1.1464054416400256,False
train-train,train,UAV_0006,train,UAV_0010,278,100,1.9769075038686739,1.3654088445715629,False
train-train,train,UAV_0072,train,UAV_0085,232,100,2.8871934088096305,1.4326079711859678,False
train-train,train,UAV_0057,train,UAV_0089,207,100,3.418228958953576,1.85282683670959,False
train-train,train,UAV_0089,train,UAV_0094,207,100,3.622208767234683,2.077721178116979,False
train-train,train,UAV_0035,train,UAV_0088,231,100,3.6798514139492373,1.928682639485192,False
train-train,train,UAV_0076,train,UAV_0099,145,100,3.868448087519413,1.9667933043476262,False
train-train,train,UAV_0031,train,UAV_0076,153,100,3.879571433401285,1.894405353661384,False
train-train,train,UAV_0027,train,UAV_0035,231,100,3.882012202629585,2.2891039249269443,False
train-train,train,UAV_0068,train,UAV_0099,145,100,4.103254862798164,2.387760426051446,False
train-train,train,UAV_0050,train,UAV_0068,161,100,4.21228422941978,2.1612368314175785,False
train-train,train,UAV_0078,train,UAV_0085,221,100,4.401438913575842,2.182567863877118,False
train-train,train,UAV_0011,train,UAV_0072,197,100,4.756836333106471,2.3344596426927446,False
train-train,train,UAV_0072,train,UAV_0078,221,100,4.992581337574159,2.2381155468150946,False
train-train,train,UAV_0001,train,UAV_0099,145,100,6.083003962632204,2.996114777404579,False
train-train,train,UAV_0001,train,UAV_0002,253,100,7.106359741764339,3.092343904584975,False
train-train,train,UAV_0085,train,UAV_0098,266,100,7.208969461406436,3.06437840010242,False
test-test,test,UAV_0133,test,UAV_0165,79,79,0.8166828534443656,0.5715041364359922,False
test-test,test,UAV_0133,test,UAV_0197,95,95,0.8173691646138169,0.576801092520445,False
test-test,test,UAV_0122,test,UAV_0197,95,95,0.825684160328513,0.5837407088825111,False
test-test,test,UAV_0165,test,UAV_0197,79,79,0.8258178706706719,0.5841666834009317,False
test-test,test,UAV_0165,test,UAV_0188,41,41,0.8315270536772857,0.5816522092942049,False
test-test,test,UAV_0109,test,UAV_0133,180,100,0.8336526621728009,0.578025838698977,False
test-test,test,UAV_0158,test,UAV_0188,41,41,0.8351064422119947,0.6132989996385245,False
test-test,test,UAV_0133,test,UAV_0188,41,41,0.8424626534759215,0.598868310036842,False
test-test,test,UAV_0188,test,UAV_0197,41,41,0.8428325949896079,0.5939966639530251,False
test-test,test,UAV_0172,test,UAV_0199,232,100,0.844782611404838,0.5984492988280041,False
test-test,test,UAV_0128,test,UAV_0188,41,41,0.8453572388414232,0.577408210719545,False
test-test,test,UAV_0103,test,UAV_0127,104,100,0.8454757429752018,0.5855025600803391,False
test-test,test,UAV_0110,test,UAV_0133,131,100,0.8476075841789938,0.5847094421913981,False
test-test,test,UAV_0131,test,UAV_0133,152,100,0.8512498575965219,0.595923730627324,False
test-test,test,UAV_0122,test,UAV_0188,41,41,0.8515661474457833,0.6063684337690242,False
test-test,test,UAV_0123,test,UAV_0197,95,95,0.854467078554159,0.6051371734593823,False
test-test,test,UAV_0187,test,UAV_0188,41,41,0.8558784360188125,0.5983085650879331,False
test-test,test,UAV_0126,test,UAV_0188,41,41,0.865118362530822,0.634245699057884,False
test-test,test,UAV_0122,test,UAV_0123,119,100,0.8671695169957522,0.6254073576762432,False
test-test,test,UAV_0122,test,UAV_0165,79,79,0.8703722384985781,0.6276176036330687,False
test-test,test,UAV_0120,test,UAV_0165,79,79,0.873710438236573,0.6427818115372942,False
test-test,test,UAV_0101,test,UAV_0172,232,100,0.8746569771512721,0.6243104540630664,False
test-test,test,UAV_0187,test,UAV_0197,95,95,0.8759233556326069,0.6005960934931357,False
test-test,test,UAV_0131,test,UAV_0188,41,41,0.877656660807412,0.608775484585368,False
test-test,test,UAV_0122,test,UAV_0133,119,100,0.878207106278669,0.6315915523583038,False
test-test,test,UAV_0110,test,UAV_0187,131,100,0.8785611428900081,0.6141318913768271,False
test-test,test,UAV_0122,test,UAV_0187,119,100,0.8790518292505328,0.6129197730843722,False
test-test,test,UAV_0123,test,UAV_0165,79,79,0.8862771165721943,0.6519597502520013,False
test-test,test,UAV_0101,test,UAV_0197,95,95,0.889231691946759,0.6366226281118728,False
test-test,test,UAV_0108,test,UAV_0114,169,100,0.8893919877574981,0.625821409744755,False
test-test,test,UAV_0110,test,UAV_0131,131,100,0.8897799073361128,0.6254788622149724,False
test-test,test,UAV_0117,test,UAV_0122,119,100,0.8925990167574678,0.6325982398747991,False
test-test,test,UAV_0165,test,UAV_0187,79,79,0.8964098238209046,0.6245470701426272,False
test-test,test,UAV_0126,test,UAV_0165,79,79,0.8971849881311136,0.6567985720197889,False
test-test,test,UAV_0114,test,UAV_0186,169,100,0.8991311097932536,0.6154703706328049,False
test-test,test,UAV_0126,test,UAV_0197,95,95,0.9006386865402597,0.6549046561755153,False
test-test,test,UAV_0117,test,UAV_0165,79,79,0.901240837318072,0.6653908916155591,False
test-test,test,UAV_0117,test,UAV_0188,41,41,0.9020627582592602,0.6563967324922838,False
test-test,test,UAV_0182,test,UAV_0188,41,41,0.9025406448085553,0.6565905362694212,False
test-test,test,UAV_0120,test,UAV_0188,41,41,0.9054225438545233,0.6498303065328052,False
test-test,test,UAV_0161,test,UAV_0188,41,41,0.9115714057196849,0.6969343754626439,False
test-test,test,UAV_0123,test,UAV_0188,41,41,0.9119239310530755,0.6625208431127404,False
test-test,test,UAV_0131,test,UAV_0187,152,100,0.9160951883955325,0.640921075161772,False
test-test,test,UAV_0110,test,UAV_0114,131,100,0.9213999974144015,0.6703324619010235,False
test-test,test,UAV_0109,test,UAV_0131,152,100,0.9225956142588009,0.647822198672608,False
test-test,test,UAV_0101,test,UAV_0188,41,41,0.9235766903881262,0.6653044833439885,False
test-test,test,UAV_0108,test,UAV_0126,130,100,0.9321477431175875,0.676467044219836,False
test-test,test,UAV_0101,test,UAV_0165,79,79,0.935971323127409,0.6771712993869566,False
test-test,test,UAV_0165,test,UAV_0199,79,79,0.9374794949748797,0.7094217296774179,False
test-test,test,UAV_0169,test,UAV_0188,41,41,0.9374934082792521,0.6777232046413126,False
test-test,test,UAV_0188,test,UAV_0192,41,41,0.9456743147029587,0.6854456263446871,False
test-test,test,UAV_0124,test,UAV_0172,232,100,0.9473696589493266,0.6975898172357516,False
test-test,test,UAV_0126,test,UAV_0156,130,100,0.9486273204950446,0.6896484813466116,False
test-test,test,UAV_0172,test,UAV_0177,232,100,0.9486304040061502,0.6864755443065554,False
test-test,test,UAV_0136,test,UAV_0172,90,90,0.9590123490523167,0.6097461059361229,False
test-test,test,UAV_0177,test,UAV_0188,41,41,0.9667589718753997,0.7413497471357905,False
test-test,test,UAV_0127,test,UAV_0188,41,41,0.9700720584228517,0.7572075331904187,False
test-test,test,UAV_0101,test,UAV_0136,90,90,0.9888250433245439,0.629704228925136,False
test-test,test,UAV_0173,test,UAV_0197,95,95,1.001486582292914,0.6134935705078106,False
test-test,test,UAV_0159,test,UAV_0186,149,100,1.01818566602228,0.6020493644720791,False
test-test,test,UAV_0122,test,UAV_0124,119,100,1.0222187509620755,0.7348067280924342,False
test-test,test,UAV_0111,test,UAV_0114,103,100,1.023724996673879,0.6259335986128168,False
test-test,test,UAV_0141,test,UAV_0172,101,100,1.031303695427576,0.6560966308953013,False
test-test,test,UAV_0123,test,UAV_0141,101,100,1.0369734361734309,0.6741331226279611,False
test-test,test,UAV_0114,test,UAV_0159,149,100,1.0419653986140602,0.6146015519165287,False
test-test,test,UAV_0110,test,UAV_0146,131,100,1.0470667328688712,0.7864163272194421,False
test-test,test,UAV_0122,test,UAV_0163,119,100,1.0567513977994616,0.6850883818680665,False
test-test,test,UAV_0172,test,UAV_0178,232,100,1.0567837504243582,0.6558445671652696,False
test-test,test,UAV_0165,test,UAV_0173,79,79,1.0582713658105376,0.6227460759963843,False
test-test,test,UAV_0109,test,UAV_0110,131,100,1.0591317224148198,0.6568909669941209,False
test-test,test,UAV_0187,test,UAV_0193,158,100,1.061252804337068,0.6734323346409647,False
test-test,test,UAV_0163,test,UAV_0197,95,95,1.0614055904174278,0.689110880188626,False
test-test,test,UAV_0122,test,UAV_0182,119,100,1.0630301888899816,0.6250988815509779,False
test-test,test,UAV_0148,test,UAV_0156,162,100,1.0699963316531422,0.6420243861069862,False
test-test,test,UAV_0110,test,UAV_0190,131,100,1.0722044148154868,0.6403044079455575,False
test-test,test,UAV_0110,test,UAV_0155,131,100,1.079906854259633,0.6692623585202018,False
test-test,test,UAV_0165,test,UAV_0176,79,79,1.0811042875905488,0.6183013881001385,False
test-test,test,UAV_0110,test,UAV_0179,131,100,1.0870650778997992,0.7175425402660244,False
test-test,test,UAV_0114,test,UAV_0148,169,100,1.0873986090439074,0.6240772361423067,False
test-test,test,UAV_0162,test,UAV_0172,224,100,1.087661790384242,0.7014260895123425,False
test-test,test,UAV_0123,test,UAV_0161,78,78,1.088414481439896,0.609459833011641,False
test-test,test,UAV_0122,test,UAV_0128,70,70,1.0929425212610253,0.6579917151374204,False
test-test,test,UAV_0197,test,UAV_0199,95,95,1.0952603630963256,0.6901160145994517,False
test-test,test,UAV_0132,test,UAV_0150,120,100,1.0953390815702135,0.6354849206311924,False
test-test,test,UAV_0151,test,UAV_0197,95,95,1.1033830688500244,0.7086033652532452,False
test-test,test,UAV_0146,test,UAV_0182,180,100,1.103927092164491,0.7553602630499989,False
test-test,test,UAV_0122,test,UAV_0194,119,100,1.1044041395136606,0.6499696224216955,False
test-test,test,UAV_0104,test,UAV_0188,41,41,1.106479931732529,0.8883744406556863,False
test-test,test,UAV_0110,test,UAV_0112,131,100,1.1116547397113226,0.7128267674867081,False
test-test,test,UAV_0101,test,UAV_0117,230,100,1.115102484789329,0.6944460812283558,False
test-test,test,UAV_0114,test,UAV_0132,120,100,1.117661399343799,0.7003545074782771,False
test-test,test,UAV_0110,test,UAV_0120,131,100,1.1294743853652711,0.7410654312603299,False
test-test,test,UAV_0106,test,UAV_0114,64,64,1.134197230041676,0.6469928420662548,False
test-test,test,UAV_0108,test,UAV_0158,119,100,1.1357799491508946,0.638196108909705,False
test-test,test,UAV_0178,test,UAV_0192,266,100,1.1358005384823626,0.7646653509872556,False
test-test,test,UAV_0170,test,UAV_0188,41,41,1.1414822446413633,0.9174876692439801,False
test-test,test,UAV_0106,test,UAV_0198,64,64,1.152349011534128,0.6637748125538985,False
test-test,test,UAV_0114,test,UAV_0170,84,84,1.1537530260138813,0.7056063382758584,False
test-test,test,UAV_0115,test,UAV_0165,79,79,1.1713893999398706,0.7378824103525702,False
test-test,test,UAV_0119,test,UAV_0133,115,100,1.1761578289979324,0.6183087823451296,False
test-test,test,UAV_0156,test,UAV_0186,162,100,1.176808367093389,0.7291127925507412,False
test-test,test,UAV_0104,test,UAV_0191,56,56,1.1784767764923556,0.653518308581208,False
test-test,test,UAV_0145,test,UAV_0197,88,88,1.1801825721441628,0.6263205574994174,False
test-test,test,UAV_0133,test,UAV_0145,88,88,1.1807130203862313,0.6202369781060909,False
test-test,test,UAV_0117,test,UAV_0162,224,100,1.1874331801508795,0.8141433342699443,False
test-test,test,UAV_0106,test,UAV_0142,64,64,1.188088897881063,0.7151911553575293,False
test-test,test,UAV_0192,test,UAV_0194,266,100,1.192071040870638,0.7959853885666417,False
test-test,test,UAV_0193,test,UAV_0197,95,95,1.194328574929418,0.653642619377698,False
test-test,test,UAV_0150,test,UAV_0158,119,100,1.1949661555554743,0.7088954069570407,False
test-test,test,UAV_0155,test,UAV_0165,79,79,1.1956307917049585,0.7937869882341206,False
test-test,test,UAV_0142,test,UAV_0191,56,56,1.2004415769587562,0.7472080373002054,False
test-test,test,UAV_0110,test,UAV_0144,131,100,1.2030245197730904,0.7892447958922842,False
test-test,test,UAV_0176,test,UAV_0197,95,95,1.2040197181932493,0.6227390781084925,False
test-test,test,UAV_0160,test,UAV_0165,79,79,1.2056717823746261,0.7428437163622956,False
test-test,test,UAV_0191,test,UAV_0198,56,56,1.2087258116491018,0.7172655807092482,False
test-test,test,UAV_0110,test,UAV_0125,131,100,1.2088840420247384,0.7496589306843345,False
test-test,test,UAV_0186,test,UAV_0197,95,95,1.2107179500228429,0.8453630105331978,False
test-test,test,UAV_0163,test,UAV_0196,137,100,1.2141322119302533,0.6958605008636193,False
test-test,test,UAV_0175,test,UAV_0178,191,100,1.2193345653860752,0.6907035169375554,False
test-test,test,UAV_0125,test,UAV_0126,130,100,1.2225656957658817,0.7429667494128801,False
test-test,test,UAV_0112,test,UAV_0165,79,79,1.2233876554792449,0.8330287615011738,False
test-test,test,UAV_0101,test,UAV_0175,191,100,1.225820070878386,0.7022831174521377,False
test-test,test,UAV_0101,test,UAV_0109,233,100,1.226374468420621,0.8247869606513312,False
test-test,test,UAV_0122,test,UAV_0143,119,100,1.2268362247270619,0.7829242513538038,False
test-test,test,UAV_0143,test,UAV_0165,79,79,1.2275642095581947,0.8066087800084625,False
test-test,test,UAV_0144,test,UAV_0170,84,84,1.2319166884258863,0.61793388513945,False
test-test,test,UAV_0114,test,UAV_0151,118,100,1.231945138172779,0.6331732627429725,False
test-test,test,UAV_0133,test,UAV_0169,105,100,1.232136635299732,0.6475704438901947,False
test-test,test,UAV_0190,test,UAV_0197,95,95,1.2373094065895294,0.665779840951745,False
test-test,test,UAV_0108,test,UAV_0111,103,100,1.2380304575804146,0.6786733212559932,False
test-test,test,UAV_0174,test,UAV_0188,41,41,1.2413524124369049,0.7090406499982309,False
test-test,test,UAV_0109,test,UAV_0147,56,56,1.2429788587068464,0.7387930452969746,False
test-test,test,UAV_0139,test,UAV_0162,224,100,1.2448717092670283,0.7540713396392666,False
test-test,test,UAV_0185,test,UAV_0188,41,41,1.2603869576165327,0.7455252488333662,False
test-test,test,UAV_0147,test,UAV_0170,56,56,1.2673284398807747,0.6693321249856437,False
test-test,test,UAV_0164,test,UAV_0168,188,100,1.2737532096235242,0.7619121890829661,False
test-test,test,UAV_0140,test,UAV_0172,232,100,1.2885192340508924,0.7557476079352974,False
test-test,test,UAV_0194,test,UAV_0197,95,95,1.2892868508170319,0.6751908100800761,False
test-test,test,UAV_0117,test,UAV_0130,230,100,1.289909992452572,0.9480701351299005,False
test-test,test,UAV_0114,test,UAV_0119,115,100,1.3010323066877707,0.7749640197686992,False
test-test,test,UAV_0162,test,UAV_0200,224,100,1.3082622165445545,0.7552150425860402,False
test-test,test,UAV_0133,test,UAV_0183,168,100,1.3104187649468158,0.8111206160363361,False
test-test,test,UAV_0101,test,UAV_0106,64,64,1.3113119984580792,0.8744380608781317,False
test-test,test,UAV_0109,test,UAV_0167,186,100,1.3167717551126092,0.8136708547609306,False
test-test,test,UAV_0114,test,UAV_0134,105,100,1.3227033036520055,0.8084987072963512,False
test-test,test,UAV_0183,test,UAV_0197,95,95,1.3350034518613076,0.8992386153423051,False
test-test,test,UAV_0114,test,UAV_0160,112,100,1.3357189312621396,0.6416421204539812,False
test-test,test,UAV_0167,test,UAV_0188,41,41,1.3391696824228316,0.751607647632384,False
test-test,test,UAV_0134,test,UAV_0179,105,100,1.3395621627226044,0.7186743932180922,False
test-test,test,UAV_0196,test,UAV_0197,95,95,1.3407887129190699,0.8394670847584772,False
test-test,test,UAV_0102,test,UAV_0112,124,100,1.3487951602872956,0.6560639573457837,False
test-test,test,UAV_0165,test,UAV_0185,79,79,1.3495093301662229,0.7370289117749927,False
test-test,test,UAV_0154,test,UAV_0188,41,41,1.3495752656593234,0.8163543479357357,False
test-test,test,UAV_0179,test,UAV_0197,95,95,1.3615386152539768,0.8711428267803082,False
test-test,test,UAV_0157,test,UAV_0188,41,41,1.3668817066943257,0.8597971882341059,False
test-test,test,UAV_0110,test,UAV_0157,131,100,1.3683819464278713,0.7291342470716288,False
test-test,test,UAV_0113,test,UAV_0114,65,65,1.3807144609329145,0.6601963021128867,False
test-test,test,UAV_0106,test,UAV_0108,64,64,1.3855007819692702,0.6503099700618193,False
test-test,test,UAV_0101,test,UAV_0103,233,100,1.3862193339618187,0.9358313350990234,False
test-test,test,UAV_0117,test,UAV_0140,230,100,1.3979215066257946,0.7826077493624832,False
test-test,test,UAV_0130,test,UAV_0162,224,100,1.4015654948081093,0.8343975364831263,False
test-test,test,UAV_0137,test,UAV_0188,41,41,1.407812515486182,0.7799695655955959,False
test-test,test,UAV_0162,test,UAV_0164,224,100,1.4188763200526309,0.8516112013596037,False
test-test,test,UAV_0141,test,UAV_0189,101,100,1.4466334444082896,0.6935778160112657,False
test-test,test,UAV_0104,test,UAV_0154,50,50,1.4495496763568407,0.7133740530502647,False
test-test,test,UAV_0123,test,UAV_0174,68,68,1.4506023219935793,0.7270158486717102,False
test-test,test,UAV_0126,test,UAV_0138,130,100,1.4714149468655204,0.7841476218948298,False
test-test,test,UAV_0116,test,UAV_0161,78,78,1.4886680811940094,0.9500012107945355,False
test-test,test,UAV_0107,test,UAV_0122,119,100,1.4939107495263204,1.042630209506039,False
test-test,test,UAV_0101,test,UAV_0115,112,100,1.4970737290186378,0.7122998475805273,False
test-test,test,UAV_0165,test,UAV_0184,76,76,1.5029839867682786,0.6876634560836026,False
test-test,test,UAV_0189,test,UAV_0197,95,95,1.504053432898324,0.8277528600921145,False
test-test,test,UAV_0103,test,UAV_0113,65,65,1.509432226874384,0.9083596827772791,False
test-test,test,UAV_0103,test,UAV_0104,68,68,1.515178327718256,1.0182334850428414,False
test-test,test,UAV_0118,test,UAV_0178,244,100,1.537770951077948,0.894959718145401,False
test-test,test,UAV_0184,test,UAV_0197,76,76,1.5395553291285446,0.7239200233448625,False
test-test,test,UAV_0138,test,UAV_0197,95,95,1.567249453415995,0.7804697067134871,False
test-test,test,UAV_0126,test,UAV_0137,47,47,1.5782749814069519,0.7167303954513455,False
test-test,test,UAV_0168,test,UAV_0172,188,100,1.5952739772932627,0.943583185987211,False
test-test,test,UAV_0101,test,UAV_0118,233,100,1.5982932684451077,1.0420694443121428,False
test-test,test,UAV_0105,test,UAV_0168,138,100,1.601452750432115,0.8367450868163872,False
test-test,test,UAV_0117,test,UAV_0139,230,100,1.6131517899928316,0.9687001767584016,False
test-test,test,UAV_0168,test,UAV_0180,85,85,1.6359637046606748,0.9319042605350626,False
test-test,test,UAV_0149,test,UAV_0180,85,85,1.6402277537154122,0.926655884009964,False
test-test,test,UAV_0101,test,UAV_0102,124,100,1.690631707210881,1.0781969241833123,False
test-test,test,UAV_0152,test,UAV_0188,38,38,1.6965854309374155,0.7870947403244823,False
test-test,test,UAV_0131,test,UAV_0152,38,38,1.7126517873133353,0.7937191407619376,False
test-test,test,UAV_0106,test,UAV_0116,64,64,1.746115953576211,1.2607568419115618,False
test-test,test,UAV_0102,test,UAV_0107,124,100,1.74871391960603,0.7511776546740574,False
test-test,test,UAV_0180,test,UAV_0200,85,85,1.8217326760803958,0.979157459488968,False
test-test,test,UAV_0139,test,UAV_0149,211,100,1.8457725369645699,0.9527711565127571,False
test-test,test,UAV_0198,test,UAV_0199,182,100,1.8542317943851774,1.248273503762202,False
test-test,test,UAV_0199,test,UAV_0200,247,100,1.8806878209539561,0.9519002112816832,False
test-test,test,UAV_0101,test,UAV_0105,138,100,2.0707309714416424,1.2305900038888735,False
test-test,test,UAV_0121,test,UAV_0129,89,89,2.306932934453458,1.6161849808484838,False
test-test,test,UAV_0135,test,UAV_0163,137,100,2.603708188574256,1.3599668095163775,False
test-test,test,UAV_0133,test,UAV_0135,144,100,2.6105028326349924,1.4215416927327602,False
test-test,test,UAV_0166,test,UAV_0171,122,100,2.6944310422814968,1.661291772436497,False
test-test,test,UAV_0106,test,UAV_0166,64,64,2.9201168758360767,1.4811978916137343,False
test-test,test,UAV_0129,test,UAV_0166,89,89,2.9513633419714593,1.460811195832254,False
test-test,test,UAV_0114,test,UAV_0153,108,100,3.2104541267637874,1.610204776832973,False
test-test,test,UAV_0153,test,UAV_0186,108,100,3.2698223305979397,1.6638607782651818,False
test-test,test,UAV_0116,test,UAV_0121,126,100,4.118030818332807,2.0275822370492196,False
test-test,test,UAV_0171,test,UAV_0188,41,41,4.412160654374382,2.0875840347850003,False
test-test,test,UAV_0171,test,UAV_0195,213,100,4.506709772064326,2.0016856031280366,False
test-test,test,UAV_0181,test,UAV_0195,155,100,5.282337766176153,2.375010028035884,False
test-test,test,UAV_0129,test,UAV_0181,89,89,6.885451136552609,3.086894632956042,False
test-test,test,UAV_0195,test,UAV_0197,95,95,7.691189228123664,3.1549597224554464,False
train-test,train,UAV_0025,test,UAV_0188,41,41,0.8146811024177378,0.5816483278686698,False
train-test,train,UAV_0091,test,UAV_0188,41,41,0.836957197443492,0.6016425603853527,False
train-test,train,UAV_0086,test,UAV_0188,41,41,0.8372906577409404,0.5993858749496597,False
train-test,train,UAV_0096,test,UAV_0117,230,100,0.8381766514239567,0.5688285162501693,False
train-test,train,UAV_0043,test,UAV_0122,119,100,0.8410974383146037,0.6030916990236319,False
train-test,train,UAV_0052,test,UAV_0197,95,95,0.8437583893419672,0.5910622574407978,False
train-test,train,UAV_0052,test,UAV_0133,180,100,0.8470393669870886,0.5718694331549359,False
train-test,train,UAV_0050,test,UAV_0188,41,41,0.8493380696250805,0.5816866184980156,False
train-test,train,UAV_0091,test,UAV_0165,79,79,0.8529025873990111,0.6033248511044262,False
train-test,train,UAV_0050,test,UAV_0165,79,79,0.8546442137798104,0.5902253571553178,False
train-test,train,UAV_0025,test,UAV_0131,152,100,0.8551245088633328,0.5990403457446566,False
train-test,train,UAV_0026,test,UAV_0133,180,100,0.8611672659862807,0.594618349485808,False
train-test,train,UAV_0079,test,UAV_0188,41,41,0.8627818019020225,0.6256880601970501,False
train-test,train,UAV_0064,test,UAV_0165,79,79,0.8634198512809047,0.6166256874614459,False
train-test,train,UAV_0097,test,UAV_0101,233,100,0.8640716178357867,0.6038590554086839,False
train-test,train,UAV_0014,test,UAV_0188,41,41,0.8651192006271974,0.62200610749561,False
train-test,train,UAV_0019,test,UAV_0127,104,100,0.8690190479821002,0.6106180834836308,False
train-test,train,UAV_0052,test,UAV_0122,119,100,0.8703126165625377,0.6234765592127786,False
train-test,train,UAV_0036,test,UAV_0110,131,100,0.8749048222586409,0.6289508541589942,False
train-test,train,UAV_0052,test,UAV_0188,41,41,0.8763707224762832,0.6155620643112956,False
train-test,train,UAV_0030,test,UAV_0133,180,100,0.8765515224029212,0.6040713783619056,False
train-test,train,UAV_0047,test,UAV_0188,41,41,0.8770521702332225,0.6062661055304751,False
train-test,train,UAV_0057,test,UAV_0127,104,100,0.8779138916036154,0.6452154805814522,False
train-test,train,UAV_0052,test,UAV_0165,79,79,0.8790345802833193,0.6151753789298997,False
train-test,train,UAV_0064,test,UAV_0188,41,41,0.8803518883375157,0.6248231681003874,False
train-test,train,UAV_0057,test,UAV_0122,119,100,0.880391640027607,0.6565859776275627,False
train-test,train,UAV_0090,test,UAV_0114,169,100,0.881145825831464,0.6124803688493906,False
train-test,train,UAV_0043,test,UAV_0188,41,41,0.8820264999619486,0.6433187886076673,False
train-test,train,UAV_0003,test,UAV_0188,41,41,0.8924521870270035,0.6281381430440706,False
train-test,train,UAV_0051,test,UAV_0131,152,100,0.8928554208939501,0.6365800647112158,False
train-test,train,UAV_0057,test,UAV_0165,79,79,0.892999094964151,0.6712924567657175,False
train-test,train,UAV_0040,test,UAV_0114,169,100,0.8939938894720311,0.6369889212630778,False
train-test,train,UAV_0057,test,UAV_0188,41,41,0.8942747256326785,0.6716832506669562,False
train-test,train,UAV_0049,test,UAV_0197,95,95,0.8967629321930959,0.6470893658999014,False
train-test,train,UAV_0049,test,UAV_0188,41,41,0.89808487284277,0.673893033742015,False
train-test,train,UAV_0049,test,UAV_0165,79,79,0.8992767641535129,0.6575977000459776,False
train-test,train,UAV_0057,test,UAV_0197,95,95,0.8997200918036834,0.6642300822808054,False
train-test,train,UAV_0041,test,UAV_0188,41,41,0.9020829660274365,0.6684716900443489,False
train-test,train,UAV_0091,test,UAV_0197,95,95,0.9025802456063565,0.6604827764043617,False
train-test,train,UAV_0077,test,UAV_0188,41,41,0.9027831912443314,0.6976775256968549,False
train-test,train,UAV_0059,test,UAV_0188,41,41,0.9096599072123057,0.6756885645049534,False
train-test,train,UAV_0014,test,UAV_0133,180,100,0.9102266990972462,0.6493646025166959,False
train-test,train,UAV_0064,test,UAV_0197,95,95,0.9103304811712497,0.6628737030754732,False
train-test,train,UAV_0050,test,UAV_0114,161,100,0.912722798111483,0.6609012504840686,False
train-test,train,UAV_0098,test,UAV_0192,266,100,0.9132019105435772,0.6525205808260086,False
train-test,train,UAV_0033,test,UAV_0188,41,41,0.9168500151083306,0.6806589865456649,False
train-test,train,UAV_0064,test,UAV_0110,131,100,0.9181500081339282,0.6552647674456966,False
train-test,train,UAV_0051,test,UAV_0188,41,41,0.9249487808947069,0.6642990248338887,False
train-test,train,UAV_0021,test,UAV_0122,119,100,0.9262462633437747,0.6582745610562348,False
train-test,train,UAV_0039,test,UAV_0172,232,100,0.9269507135123494,0.6703608215542554,False
train-test,train,UAV_0081,test,UAV_0197,95,95,0.9273761933658434,0.6807797873165504,False
train-test,train,UAV_0008,test,UAV_0114,169,100,0.9339872569793893,0.6877777725458147,False
train-test,train,UAV_0046,test,UAV_0188,41,41,0.9350385704999723,0.6935191871492218,False
train-test,train,UAV_0028,test,UAV_0133,180,100,0.9413714892924282,0.682997896286976,False
train-test,train,UAV_0056,test,UAV_0114,169,100,0.9440028032402512,0.6923225019114598,False
train-test,train,UAV_0063,test,UAV_0114,169,100,0.9462969654577258,0.6788249966907882,False
train-test,train,UAV_0012,test,UAV_0110,131,100,0.9522635192181447,0.685732310889884,False
train-test,train,UAV_0005,test,UAV_0110,131,100,0.9562425413211884,0.7183573143722213,False
train-test,train,UAV_0002,test,UAV_0122,119,100,0.9697789483111873,0.7041357439880349,False
train-test,train,UAV_0081,test,UAV_0136,90,90,0.9768731664186205,0.5965642251102008,False
train-test,train,UAV_0058,test,UAV_0165,79,79,0.9809796319155073,0.7480536105148187,False
train-test,train,UAV_0081,test,UAV_0141,101,100,0.9844257889200521,0.6204008290019847,False
train-test,train,UAV_0060,test,UAV_0188,41,41,0.9845233457126996,0.7647315861982352,False
train-test,train,UAV_0094,test,UAV_0188,41,41,0.9874745477327782,0.767389201689573,False
train-test,train,UAV_0037,test,UAV_0197,95,95,0.99339017405115,0.7350770067343999,False
train-test,train,UAV_0032,test,UAV_0122,119,100,0.9959403130043526,0.7642425228490747,False
train-test,train,UAV_0065,test,UAV_0114,169,100,0.9964543248907352,0.7396297440492455,False
train-test,train,UAV_0058,test,UAV_0111,103,100,0.9975902815866735,0.6018194958238144,False
train-test,train,UAV_0061,test,UAV_0188,41,41,0.9994196631573107,0.7679601452251756,False
train-test,train,UAV_0043,test,UAV_0193,158,100,1.006618600221847,0.6135491460855936,False
train-test,train,UAV_0065,test,UAV_0126,130,100,1.0082662741064006,0.7405944536734334,False
train-test,train,UAV_0060,test,UAV_0146,180,100,1.011356026475952,0.6193868643432915,False
train-test,train,UAV_0099,test,UAV_0111,103,100,1.0216890249112303,0.6213893817662232,False
train-test,train,UAV_0083,test,UAV_0159,149,100,1.0268542705709018,0.6261524123004648,False
train-test,train,UAV_0088,test,UAV_0192,266,100,1.0358789683364042,0.7571881726037512,False
train-test,train,UAV_0054,test,UAV_0198,182,100,1.037050679367969,0.6019829095464442,False
train-test,train,UAV_0070,test,UAV_0197,95,95,1.039953373685758,0.6447660897627899,False
train-test,train,UAV_0050,test,UAV_0186,161,100,1.044088935570529,0.7406157053954827,False
train-test,train,UAV_0099,test,UAV_0150,145,100,1.049435733680237,0.630509149378854,False
train-test,train,UAV_0099,test,UAV_0132,120,100,1.056160809466318,0.6196554245870775,False
train-test,train,UAV_0013,test,UAV_0198,182,100,1.066507706018145,0.6408427212301425,False
train-test,train,UAV_0093,test,UAV_0111,103,100,1.0722205538011687,0.6860616156552588,False
train-test,train,UAV_0043,test,UAV_0163,137,100,1.0742873821811694,0.7096015288403608,False
train-test,train,UAV_0092,test,UAV_0111,103,100,1.0760977559518607,0.6988301893594125,False
train-test,train,UAV_0091,test,UAV_0128,70,70,1.078852284722795,0.6429626485293487,False
train-test,train,UAV_0026,test,UAV_0109,238,100,1.080770406948396,0.6910859547978028,False
train-test,train,UAV_0081,test,UAV_0161,78,78,1.0875115215783466,0.6290156205231267,False
train-test,train,UAV_0029,test,UAV_0148,179,100,1.0899907897619863,0.6416302766839166,False
train-test,train,UAV_0062,test,UAV_0133,180,100,1.0962499276232058,0.8184641271418557,False
train-test,train,UAV_0099,test,UAV_0125,145,100,1.0965795061543329,0.7380814051088785,False
train-test,train,UAV_0031,test,UAV_0150,147,100,1.10062065340472,0.6823848399164097,False
train-test,train,UAV_0099,test,UAV_0170,84,84,1.1031176818311657,0.6731060144227549,False
train-test,train,UAV_0006,test,UAV_0114,169,100,1.1094161897996908,0.6362508602791307,False
train-test,train,UAV_0056,test,UAV_0156,162,100,1.111974925912599,0.6820615587925583,False
train-test,train,UAV_0053,test,UAV_0155,164,100,1.1133149432492724,0.6980161526150636,False
train-test,train,UAV_0050,test,UAV_0108,161,100,1.1204187924009237,0.731958982802626,False
train-test,train,UAV_0067,test,UAV_0198,182,100,1.1226244872668083,0.7006855872385992,False
train-test,train,UAV_0061,test,UAV_0106,64,64,1.1228086957795163,0.6367718321994859,False
train-test,train,UAV_0050,test,UAV_0187,161,100,1.1287650921254948,0.8217566348640992,False
train-test,train,UAV_0011,test,UAV_0188,41,41,1.1333923944931712,0.8935720272835119,False
train-test,train,UAV_0032,test,UAV_0158,119,100,1.1390976438836693,0.6175531073928772,False
train-test,train,UAV_0023,test,UAV_0114,169,100,1.1597211619806587,0.6887256630304422,False
train-test,train,UAV_0082,test,UAV_0192,266,100,1.1635963710254262,0.7436198406117593,False
train-test,train,UAV_0080,test,UAV_0165,79,79,1.168611043706211,0.7051767089311205,False
train-test,train,UAV_0099,test,UAV_0191,56,56,1.1786727658576872,0.6668278235734154,False
train-test,train,UAV_0052,test,UAV_0145,88,88,1.1805642146914943,0.6305274658073974,False
train-test,train,UAV_0052,test,UAV_0173,109,100,1.1963029013314825,0.6421374158275908,False
train-test,train,UAV_0044,test,UAV_0188,41,41,1.1987549706753187,0.9544173628031439,False
train-test,train,UAV_0004,test,UAV_0114,169,100,1.2002343921432008,0.7191871525833713,False
train-test,train,UAV_0005,test,UAV_0134,105,100,1.2048946881875617,0.6619304705752753,False
train-test,train,UAV_0043,test,UAV_0162,224,100,1.2061220857845654,0.8290916587165615,False
train-test,train,UAV_0053,test,UAV_0179,164,100,1.20672758477493,0.6801213321885268,False
train-test,train,UAV_0074,test,UAV_0131,152,100,1.2134173346192405,0.7306392280124658,False
train-test,train,UAV_0087,test,UAV_0148,172,100,1.2158740679020952,0.6973745381587879,False
train-test,train,UAV_0045,test,UAV_0197,95,95,1.217842603049535,0.7681539852506015,False
train-test,train,UAV_0061,test,UAV_0147,56,56,1.2208176840218066,0.6543493632632321,False
train-test,train,UAV_0065,test,UAV_0119,115,100,1.2209977743012352,0.6668369746473992,False
train-test,train,UAV_0032,test,UAV_0151,118,100,1.2278880254935773,0.6335813236390878,False
train-test,train,UAV_0075,test,UAV_0178,259,100,1.231080532701372,0.7676865395149781,False
train-test,train,UAV_0048,test,UAV_0159,149,100,1.2326554913618766,0.6552769188486929,False
train-test,train,UAV_0049,test,UAV_0167,186,100,1.242127321118369,0.6678593004528507,False
train-test,train,UAV_0064,test,UAV_0169,105,100,1.2433776485562444,0.7076265465114511,False
train-test,train,UAV_0009,test,UAV_0122,119,100,1.2585051640585296,0.7830278724698831,False
train-test,train,UAV_0020,test,UAV_0117,230,100,1.260924740809051,0.6859453040196953,False
train-test,train,UAV_0014,test,UAV_0183,168,100,1.2619153970216634,0.723663689760589,False
train-test,train,UAV_0009,test,UAV_0196,358,100,1.2646543016460088,0.7033587230398411,False
train-test,train,UAV_0084,test,UAV_0110,131,100,1.2658851518339602,0.7937015433289794,False
train-test,train,UAV_0009,test,UAV_0194,333,100,1.268700226734507,0.7691834177914193,False
train-test,train,UAV_0043,test,UAV_0120,207,100,1.2709717953988722,0.7418398231797341,False
train-test,train,UAV_0043,test,UAV_0175,191,100,1.282487172529998,0.7675754725819343,False
train-test,train,UAV_0016,test,UAV_0194,333,100,1.2849596154377583,0.6564628998918478,False
train-test,train,UAV_0050,test,UAV_0176,161,100,1.295900175425831,0.7246579868060501,False
train-test,train,UAV_0038,test,UAV_0122,119,100,1.2975587317342132,0.6762285456658227,False
train-test,train,UAV_0099,test,UAV_0104,68,68,1.3000597299455896,0.6874364924395845,False
train-test,train,UAV_0066,test,UAV_0151,118,100,1.3056547330729955,0.7305842434430168,False
train-test,train,UAV_0069,test,UAV_0170,84,84,1.309965861279563,0.6249677339317203,False
train-test,train,UAV_0099,test,UAV_0142,87,87,1.3133497065615436,0.6959896304668853,False
train-test,train,UAV_0028,test,UAV_0160,112,100,1.329406169385814,0.6698618748345125,False
train-test,train,UAV_0043,test,UAV_0103,234,100,1.32993338376336,0.9535433861472868,False
train-test,train,UAV_0015,test,UAV_0159,149,100,1.3358726293441021,0.7783315808674081,False
train-test,train,UAV_0099,test,UAV_0112,145,100,1.3412154952421917,0.8353585987363283,False
train-test,train,UAV_0052,test,UAV_0140,222,100,1.355467508579368,1.0473934157225644,False
train-test,train,UAV_0050,test,UAV_0123,161,100,1.3635458340894657,0.9494211660229324,False
train-test,train,UAV_0031,test,UAV_0144,146,100,1.36523028910598,0.685422842659234,False
train-test,train,UAV_0039,test,UAV_0199,288,100,1.3655520370646663,0.7271858161731408,False
train-test,train,UAV_0018,test,UAV_0101,233,100,1.368854754523553,1.0356854431091023,False
train-test,train,UAV_0028,test,UAV_0190,200,100,1.372877927684228,0.8132276404122227,False
train-test,train,UAV_0058,test,UAV_0113,65,65,1.3747847972179252,0.6792543481229364,False
train-test,train,UAV_0031,test,UAV_0102,124,100,1.3765948791305462,0.6989481668136355,False
train-test,train,UAV_0081,test,UAV_0143,133,100,1.376602123489561,0.6748133421955876,False
train-test,train,UAV_0018,test,UAV_0168,188,100,1.3767215666060777,0.8454738870203791,False
train-test,train,UAV_0010,test,UAV_0172,232,100,1.388022518588592,0.934346837305256,False
train-test,train,UAV_0075,test,UAV_0177,259,100,1.3922010414991726,0.9641436055320458,False
train-test,train,UAV_0071,test,UAV_0162,224,100,1.3929727012580935,0.9695471233451499,False
train-test,train,UAV_0034,test,UAV_0123,405,100,1.4005036372199602,0.6806745549667694,False
train-test,train,UAV_0017,test,UAV_0109,238,100,1.4177408161854588,0.9462241974356589,False
train-test,train,UAV_0057,test,UAV_0185,118,100,1.4196221662271293,0.7727026705930988,False
train-test,train,UAV_0022,test,UAV_0156,162,100,1.4222994979976573,0.7889527914816717,False
train-test,train,UAV_0027,test,UAV_0136,90,90,1.426956819213127,0.9428669604369544,False
train-test,train,UAV_0007,test,UAV_0188,41,41,1.4430838157631,0.9327945418594208,False
train-test,train,UAV_0021,test,UAV_0182,194,100,1.4520435493429895,0.8155866585982003,False
train-test,train,UAV_0003,test,UAV_0154,50,50,1.4613331113952015,0.7354669598097417,False
train-test,train,UAV_0011,test,UAV_0116,126,100,1.4702304518474596,0.8198229702496275,False
train-test,train,UAV_0081,test,UAV_0115,112,100,1.4744757364266858,0.7081818794746592,False
train-test,train,UAV_0050,test,UAV_0174,68,68,1.4776055790589164,0.7767296922220519,False
train-test,train,UAV_0058,test,UAV_0124,178,100,1.4798304748715994,1.174110604157518,False
train-test,train,UAV_0091,test,UAV_0184,76,76,1.4948161595729534,0.6728178522151554,False
train-test,train,UAV_0002,test,UAV_0189,120,100,1.509859870754165,0.728210200025078,False
train-test,train,UAV_0081,test,UAV_0118,244,100,1.534029230788673,0.8573944128891213,False
train-test,train,UAV_0012,test,UAV_0137,47,47,1.5362068779492408,0.7017959475717016,False
train-test,train,UAV_0017,test,UAV_0200,247,100,1.5395130236790149,0.8340603564583164,False
train-test,train,UAV_0099,test,UAV_0107,145,100,1.5507055413465187,0.853130521919789,False
train-test,train,UAV_0096,test,UAV_0164,271,100,1.555563492524454,1.0295255218077086,False
train-test,train,UAV_0014,test,UAV_0157,158,100,1.5618360866813015,0.7556309474495714,False
train-test,train,UAV_0100,test,UAV_0126,130,100,1.6033500151110702,0.8179408268446521,False
train-test,train,UAV_0014,test,UAV_0138,133,100,1.612000686301822,0.7732544099990931,False
train-test,train,UAV_0024,test,UAV_0123,405,100,1.6204395006818961,0.9777633074874427,False
train-test,train,UAV_0042,test,UAV_0146,180,100,1.6277203938438918,0.9703391642110345,False
train-test,train,UAV_0088,test,UAV_0130,322,100,1.6445908434967844,1.1115834853212643,False
train-test,train,UAV_0088,test,UAV_0139,310,100,1.6446197341918722,0.8580016860182377,False
train-test,train,UAV_0095,test,UAV_0191,56,56,1.6480547570450674,0.7673001889977977,False
train-test,train,UAV_0055,test,UAV_0168,188,100,1.6908165153954064,1.0041374216635375,False
train-test,train,UAV_0091,test,UAV_0152,38,38,1.69412408210068,0.7609408172909731,False
train-test,train,UAV_0073,test,UAV_0168,188,100,1.7205634232716174,0.9175838298315354,False
train-test,train,UAV_0055,test,UAV_0180,85,85,1.752597001478588,0.9335219888462046,False
train-test,train,UAV_0011,test,UAV_0105,138,100,1.816061460287972,1.0144579333030663,False
train-test,train,UAV_0055,test,UAV_0149,211,100,1.8605142345970198,0.9587601808678925,False
train-test,train,UAV_0081,test,UAV_0135,144,100,2.6167808402477877,1.432647174128365,False
train-test,train,UAV_0099,test,UAV_0166,122,100,3.0808025645413095,1.5091018162560967,False
train-test,train,UAV_0099,test,UAV_0153,108,100,3.218382275040968,1.7506448236478684,False
train-test,train,UAV_0089,test,UAV_0103,207,100,3.517498822747268,1.988484469801205,False
train-test,train,UAV_0068,test,UAV_0136,90,90,3.5864714790788574,1.8455050189454156,False
train-test,train,UAV_0064,test,UAV_0129,89,89,3.6420834531169874,1.582629631106266,False
train-test,train,UAV_0035,test,UAV_0141,101,100,3.6627942184736617,1.8525077265836227,False
train-test,train,UAV_0076,test,UAV_0179,153,100,3.8178665029839323,1.987653035933503,False
train-test,train,UAV_0027,test,UAV_0121,263,100,4.167035991499993,1.8817518209397952,False
train-test,train,UAV_0099,test,UAV_0171,145,100,4.710814047809397,2.626012804784709,False
train-test,train,UAV_0072,test,UAV_0141,101,100,4.8691693660692374,2.3145823274283885,False
train-test,train,UAV_0001,test,UAV_0106,64,64,5.980671446036535,2.8002989418459876,False
train-test,train,UAV_0085,test,UAV_0127,104,100,7.121835107758929,3.1217419855566058,False
train-test,train,UAV_0078,test,UAV_0141,101,100,7.6093956351351535,3.282200411715991,False
train-test,train,UAV_0099,test,UAV_0195,145,100,8.260743581507354,3.8604272339295824,False
train-test,train,UAV_0099,test,UAV_0181,145,100,10.389512404791548,4.357256508123711,False
