uav_id,telemetry_01,telemetry_02,telemetry_03,telemetry_04,telemetry_05,telemetry_06,telemetry_07,telemetry_08,telemetry_09,telemetry_10,telemetry_11,telemetry_12,telemetry_13,telemetry_14,telemetry_15,telemetry_16,telemetry_17,telemetry_18,telemetry_19,telemetry_20,telemetry_21,telemetry_22,telemetry_23,telemetry_24,telemetry_25,telemetry_26,telemetry_27,telemetry_28
UAV_0001,-2.369681328317712,11.913161571802343,30377.82504938608,-125.8973182236111,-113.52631046810876,-137.35912767091153,140.5912754437698,-4680.605940223174,-152.45279584234353,-62.690090901068956,62.675520549222654,636.0983447172804,7135.598927322566,-648.8153498138001,50070.91408909458,-696.2196758515818,40.41581228213973,-104.73203930828664,33504.78519561308,-164.8973841769026,34961.42118632672,23058.437428347162,-17397.500057844994,-3646.645466108687,-172.32774345684464,-6767.472834461561,969.0302044744708,-9777.336712450218
UAV_0002,87.11710634865162,11.898909974369378,30377.82504938608,-125.89991824987013,-113.52545894282007,-139.32788461419096,140.60792163449017,-4680.605940223165,-152.93986213975816,-62.229010985366436,62.16876188645545,639.8138981705497,7131.845249602072,-648.8153498138018,50044.18746664215,-694.6951728916916,40.41581228213973,-103.03260311402221,33504.77807367233,-164.8973841769026,34961.36004050019,23010.476031060207,-17382.285919150887,-3661.142610419062,-171.8026042078931,-7507.133223062257,969.0302044744708,-9733.645866288409
UAV_0003,85.96620668851502,12.145953794380802,30377.82504938608,-125.89781638998004,-113.52527901425526,-137.3690766585306,140.5912754437698,-4680.605940223165,-151.7924671815961,-62.18564114024482,62.563844965650645,636.1921847066802,7135.664925264633,-648.8153498138018,50032.35241403018,-695.9897741002404,40.41581228213973,-103.32523182870233,33504.90184453353,-164.8973841769026,34961.55423074929,23048.30270752874,-17383.241117521688,-3641.169056007203,-172.3051024523247,-7470.552208140029,969.0302044744708,-9771.45481871223
UAV_0004,88.10665648190123,11.964027482755316,30377.82504938608,-125.89215602559459,-113.52600405496179,-136.15367765417386,140.5912754437698,-4680.605940223165,-153.0268757154832,-62.1644888023553,62.84537129834706,634.3631499269859,7139.958166920588,-648.8153498138018,49933.54852789074,-698.0550658254715,40.41581228213973,-103.32684586982505,33506.206413155174,-164.8973841769026,34962.92019410373,23116.59273681969,-17355.39956916066,-3635.599343687016,-173.11060397506364,-7458.615109192956,969.0302044744708,-9837.537948559439
UAV_0005,86.04736426084858,11.775810773277287,30377.82504938608,-125.89783876686607,-113.52622373472084,-136.52322412742927,140.5912754437698,-4680.605940223165,-152.44613398285446,-62.67534055717699,62.754567036642165,634.8230744094726,7138.837894311022,-648.8153498138018,50004.88802767965,-697.4327196061635,40.41581228213973,-103.3277305517339,33505.722854784675,-164.89738417690262,34962.34212234044,23100.781777469405,-17378.60429727101,-3634.412248104185,-172.85173987306345,-7462.406533949149,969.0302044744709,-9813.362758521365
UAV_0006,86.75537088128023,11.488408557485828,30377.82504938608,-125.89652806443772,-113.5254692361378,-136.73746352234275,140.5912754437698,-4680.605940223165,-153.18709128937908,-62.63869502444557,62.727619045430444,635.1136120799197,7137.6643522608965,-648.8153498138018,50034.48114582513,-697.1757103293866,40.41581228213973,-103.32677684277724,33505.42030761927,-164.8973841769026,34962.07326988129,23094.46778481516,-17387.926145355374,-3637.954229350662,-172.75727817671358,-7463.698966792532,969.0302044744708,-9804.440602282506
UAV_0007,86.79713987485707,11.601572452788949,30377.82504938608,-125.89987003192925,-113.5261931649817,-138.94844051195244,140.60708676104338,-4680.605940223165,-151.36929242138868,-62.35987976801664,62.20831624347672,639.1466927513328,7131.0782101628465,-648.8153498138018,50027.27673589693,-694.2188009853389,40.41581228213973,-102.9866168799184,33504.37517771187,-164.8973841769026,34960.96133216701,22998.6839027618,-17377.756636169208,-3659.1023129707805,-171.66426729032153,-7495.995101119958,969.0302044744708,-9725.62758638521
UAV_0008,85.7752819978187,10.751092532725815,30377.82504938608,-125.8941934697589,-113.52624874457767,-136.20075069915936,140.5912754437698,-4680.605940223165,-152.36647318516398,-62.57721958552824,62.78468085494661,634.3206009796604,7139.657277434355,-648.8153498138018,49971.29098281234,-697.9638895531509,40.41581228213973,-103.32759784675541,33506.01228609838,-164.8973841769026,34962.698265955165,23113.60789102196,-17367.312419037968,-3636.7107779520975,-173.07747261286278,-7459.306336451628,969.0302044744708,-9829.711281427502
UAV_0009,87.17606295033548,11.102170369033075,30377.82504938608,-125.89459674574819,-113.52571558435483,-140.31096599416813,140.6255702448588,-4680.605940223165,-153.4409422782677,-62.48593987476376,62.11657511706129,641.568404917524,7134.233240044484,-648.8153498138018,50094.36810385193,-696.1925448280305,40.41581228213973,-103.24212309734483,33506.204935135225,-164.8973841769026,34962.9465914884,23052.49558988187,-17404.22690029431,-3684.809975373051,-172.28904703925707,-7547.4484031809425,969.0302044744708,-9763.55651064112
UAV_0010,86.03886284418951,11.29237846144833,30377.82504938608,-125.8934543800352,-113.52538905605383,-138.29077806179978,140.5978868821564,-4680.605940223165,-153.1559659912521,-62.22274389945722,62.32054475711971,637.7417014631545,7130.637138897867,-648.8153498138018,50001.773659278784,-693.3985289686176,40.415812282139726,-102.7671485828082,33503.01287817256,-164.8973841769026,34959.58152395199,22974.349411658884,-17367.615677386453,-3640.9685214543756,-171.514625483836,-7471.239846402273,969.0302044744708,-9716.843052762284
UAV_0011,86.60085443694483,10.016346699516195,30377.82504938608,-125.89095551359318,-113.52619235061714,-138.80579298059538,140.60741809282536,-4680.605940223165,-153.12918763291978,-62.31028576924432,62.26356944073548,638.9096605551985,7131.1265154696075,-648.8153498138018,50021.66263637705,-694.2294524996718,40.41581228213973,-102.96082559631705,33504.19780174753,-164.8973841769026,34960.79199822996,22995.099590419883,-17374.647580648918,-3653.5577640643396,-171.57751521372938,-7490.4087600863895,969.0302044744708,-9720.305920716984
UAV_0012,85.12839768064606,12.011687667425498,30377.82504938608,-125.9019085198794,-113.525638003131,-136.7367488716273,140.5912754437698,-4680.605940223165,-152.26734102203758,-62.556308838002714,62.709011727115346,635.2126343515764,7137.2540548813695,-648.8153498138018,49990.14959887688,-696.8436011070779,40.41581228213973,-103.32705354922777,33505.54045478152,-164.8973841769026,34962.19557003749,23088.617996043122,-17373.33849124493,-3636.719446468571,-172.71097126852268,-7464.391368449961,969.0302044744708,-9803.093475250158
UAV_0013,86.8156083861605,11.517753849739927,30377.82504938608,-125.89485653966358,-113.52594346472452,-136.33083029054657,140.5912754437698,-4680.605940223165,-154.1501620956622,-62.49622607698189,62.83089880741256,634.621791766263,7138.694611545862,-648.8153498138018,50081.896990245725,-697.9834463749788,40.41581228213973,-103.32745564547346,33505.48196858321,-164.8973841769026,34962.15093261715,23109.315774273997,-17404.536992631012,-3636.4014799429992,-172.88468870585444,-7462.062106061721,969.0302044744707,-9820.624993636979
UAV_0014,86.29584837543428,10.920103129953828,30377.82504938608,-125.89432119614004,-113.52598024828764,-137.39009425622234,140.5912754437698,-4680.605940223165,-152.8314151793108,-62.40766301555,62.57527785651003,636.0564964662998,7135.312130931025,-648.8153498138018,49968.19076813281,-695.788921423432,40.41581228213974,-103.32311669468015,33505.11850926395,-164.8973841769026,34961.77584519551,23053.62679411253,-17361.452086887926,-3640.037431014137,-172.30714150852512,-7469.329975802605,969.0302044744708,-9770.268252395057
UAV_0015,85.70409890327761,10.56193554727606,30377.82504938608,-125.8948879033811,-113.52536950912132,-136.05083214846513,140.5912754437698,-4680.605940223165,-151.84483686683186,-62.47543773875161,62.81528628381957,633.9482800291863,7140.402242457438,-648.8153498138018,50012.6459912776,-698.3940739306187,40.41581228213973,-103.32813332832295,33505.97522464653,-164.89738417690256,34962.66200546143,23122.627560529352,-17382.737913418852,-3636.7141654961943,-173.1506051145248,-7458.331935156068,969.0302044744709,-9840.517259671351
UAV_0016,85.54565422954843,11.710407228997624,30377.82504938608,-125.89463733662103,-113.5252253485329,-139.98392826247903,140.61626053069585,-4680.605940223165,-152.93476039353789,-62.556859336721615,62.2446615847203,640.8747403879992,7132.793965388242,-648.8153498138018,50067.37449867478,-695.2999844952692,40.41581228213973,-103.27834626912781,33505.712423191,-164.8973841769026,34962.356855389655,23031.673614170904,-17393.303067898883,-3672.0715214006113,-172.01318620280497,-7530.960439440317,969.0302044744708,-9746.905007820653
UAV_0017,87.40719090345591,11.796877395426653,30377.82504938608,-125.89640603459841,-113.52603412969643,-138.87707485926774,140.60615118013962,-4680.605940223165,-152.7356718115194,-62.268649238081565,62.28886218872914,638.7717939368906,7131.152534907539,-648.8153498138018,50014.83121335783,-694.1322744012966,40.41581228213973,-103.05114343957487,33503.606085527405,-164.8973841769026,34960.213122574285,22986.917410436046,-17372.3122402915,-3656.570265024598,-171.64042864476184,-7491.375159891632,969.0302044744708,-9722.444320971921
UAV_0018,86.33198522575451,11.509614527579926,30377.82504938608,-125.88959004612835,-113.52599869754474,-138.6840861044201,140.6041581346752,-4680.605940223165,-152.13859702547884,-62.3846387062405,62.29459845232863,638.7179283831277,7130.742527989638,-648.815349813802,50016.2452932839,-693.8659055590489,40.415812282139726,-102.93742898333889,33503.68832182382,-164.8973841769026,34960.30814829861,22992.107900388793,-17373.038532193274,-3656.060311032933,-171.62392841993045,-7487.059719571954,969.0302044744708,-9720.307968906167
UAV_0019,86.46484072066002,11.327885328575048,30377.82504938608,-125.89173320683673,-113.52598588057703,-140.38963496216877,140.62542973028215,-4680.605940223165,-153.72610570495166,-62.35010214612451,62.113259037039484,641.7522329878741,7134.534333268589,-648.8153498138018,50097.40086466598,-696.2426299629316,40.41581228213973,-103.31065490306013,33506.42584289092,-164.8973841769026,34963.06838498957,23056.913229581147,-17405.776688930437,-3683.0498356783783,-172.3265677864287,-7551.402040338533,969.0302044744708,-9765.560203639889
UAV_0020,86.81276578716658,11.753878816687658,30377.82504938608,-125.90353119614069,-113.52588581159354,-139.89033158022153,140.6126354754803,-4680.605940223165,-152.89792065835562,-62.74055400501982,62.12731577099513,640.7079959264946,7132.849073484981,-648.8153498138018,50065.97950710287,-695.1123120071824,40.41581228213973,-103.20237483401715,33505.4887462676,-164.8973841769026,34962.15920928073,23029.218114903862,-17392.148239105947,-3675.556023298724,-172.0011505935644,-7527.325269721064,969.0302044744708,-9740.79175360633
UAV_0021,86.46489160065802,11.011545162534972,30377.82504938608,-125.89804374848703,-113.52571416943748,-139.55847691959616,140.6115905908122,-4680.605940223165,-154.87886624483278,-62.22777598671066,62.17545285630225,640.133546064704,7132.957161903185,-648.8153498138018,50060.67785507105,-695.0721962365465,40.41581228213973,-103.05839807316774,33505.18265437675,-164.8973841769026,34961.779486879466,23021.120669697306,-17389.806800222526,-3665.702762406261,-172.0055373272359,-7517.670446226058,969.0302044744708,-9744.094292390277
UAV_0022,87.31830476546348,11.258692998514086,30377.82504938608,-125.89398902884783,-113.52588490465722,-137.25435765866345,140.5912754437698,-4680.605940223165,-152.03703526767936,-62.628670666973164,62.683018462922355,636.0598338997128,7135.879921352575,-648.8153498138018,50067.31302303812,-696.3515764012742,40.41581228213973,-103.3236430015444,33504.7418033953,-164.8973841769026,34961.37525996021,23060.44592441845,-17396.663655906206,-3643.6917182985194,-172.26139192060631,-7469.87529169102,969.0302044744708,-9777.704904497647
UAV_0023,86.63325000353065,12.273325869810115,30377.82504938608,-125.89847533676361,-113.52634678899862,-136.96644159586612,140.5912754437698,-4680.605940223165,-153.3056519184957,-62.513400140847345,62.65716710425501,635.8383840734557,7136.223235912168,-648.8153498138018,49949.3358499026,-696.2361771215288,40.41581228213973,-103.32748780820664,33505.51287648852,-164.8973841769026,34962.10527274532,23061.273962545114,-17355.9212797987,-3639.738648474889,-172.53157534265142,-7466.895875943583,969.0302044744707,-9785.16709006295
UAV_0024,86.294193081155,11.693102702253007,30377.82504938608,-125.89345432834288,-113.52586339972184,-138.54672019633082,140.60449832054297,-4680.605940223165,-153.19909688811208,-62.39000796082164,62.35183860462853,638.3263249614217,7131.39753736895,-648.8153498138018,49996.17268299656,-693.5986413593483,40.41581228213973,-103.02886694020069,33502.27428164371,-164.8973841769026,34958.76243672258,22981.99726202026,-17367.160594990513,-3650.1525725317933,-171.71213335184058,-7482.87782422724,969.0302044744708,-9728.792163712133
UAV_0025,86.32712910421476,11.556714798017088,30377.82504938608,-125.89462366845969,-113.5256063979812,-137.71068887409825,140.5912754437698,-4680.605940223165,-152.62691835521306,-62.2250686896142,62.60878198883172,636.8330261134593,7133.963485937269,-648.8153498138018,50176.52632577304,-695.5607105168226,40.41581228213973,-103.32212349721163,33504.19829713333,-164.8973841769026,34960.835314946526,23040.55585262002,-17431.375228044326,-3642.2471793224295,-172.02414526796383,-7473.670581723763,969.0302044744708,-9756.745786238018
UAV_0026,85.56509546497712,11.54305585851259,30377.82504938608,-125.89221335591382,-113.52536756905994,-137.37839365169634,140.5912754437698,-4680.605940223165,-153.5258573658491,-62.27850161680401,62.57148824819394,636.3396466403021,7135.274147073271,-648.8153498138018,50005.357905862955,-695.7482711697892,40.41581228213974,-103.32533893581818,33504.98284722653,-164.8973841769026,34961.62929700663,23053.958611595943,-17373.56279894268,-3647.7455360442423,-172.27313740334114,-7469.960316021663,969.0302044744708,-9772.451385255368
UAV_0027,85.89843418490402,11.5623840298439,30377.82504938608,-125.90182128124033,-113.52551092202687,-138.40257283825218,140.60389915893919,-4680.605940223165,-152.16556782318892,-62.51769339873687,62.33476646613749,638.0315272345255,7130.702381177139,-648.8153498138018,49992.842642557676,-693.3364107473284,40.41581228213973,-102.94923526756877,33503.02930175759,-164.8973841769026,34959.50717363523,22981.15699531971,-17364.9460408784,-3647.7191136464035,-171.5821619072068,-7476.671512635626,969.0302044744709,-9718.542658402008
UAV_0028,85.56639476219424,11.363024883710109,30377.82504938608,-125.89602332658627,-113.5262835262366,-136.9173380281257,140.5912754437698,-4680.605940223165,-151.5472462493123,-62.33813589819186,62.6450612880891,635.6158040660346,7136.584933376285,-648.8153498138018,50029.31750535113,-696.4982699010347,40.41581228213973,-103.32532049065031,33505.222224661,-164.8973841769026,34961.83854904765,23078.50687264758,-17383.79067303876,-3642.941471469058,-172.54028735316194,-7466.471260800982,969.0302044744708,-9793.203587221262
UAV_0029,87.24733417385812,12.251738353157023,30377.82504938608,-125.8986464545358,-113.5257755018424,-136.82598746169995,140.5912754437698,-4680.605940223165,-152.50481692986818,-62.510346053412796,62.730769103312035,635.3355170857759,7137.439328761343,-648.8153498138018,50039.13962776762,-696.8701349578844,40.41581228213973,-103.3264512755214,33505.227006311965,-164.8973841769026,34961.93473019686,23089.858484664855,-17387.648861222904,-3643.378243816817,-172.63435365409427,-7465.623338556858,969.0302044744708,-9800.708241836015
UAV_0030,85.88908592377905,11.824741123941656,30377.825049386076,-125.89286538176336,-113.52534621247345,-137.4999659287026,140.5912754437698,-4680.605940223165,-153.55297602485848,-62.47702152345044,62.59499031245639,636.4578590785801,7134.711993196696,-648.8153498138018,50148.584743442414,-695.8004896218827,40.415812282139726,-103.326142134574,33504.48939091208,-164.8973841769026,34961.103678021056,23049.159784012914,-17423.495770735954,-3640.564262197148,-172.1839638762326,-7472.334814874257,969.0302044744708,-9759.580041436615
UAV_0031,86.18649249107501,11.34973680424288,30377.82504938608,-125.8997438002023,-113.52617346266337,-136.31382215835623,140.5912754437698,-4680.605940223165,-152.80243674837206,-62.23529318067113,62.79912047356893,634.4968847625416,7139.763946591082,-648.8153498138018,49919.91139300028,-697.6982115934961,40.41581228213973,-103.3269111141674,33506.15864536075,-164.8973841769026,34962.85202433216,23099.43241945547,-17351.010996350084,-3639.0624186553023,-173.04325920131774,-7459.738242938173,969.0302044744708,-9825.096706493323
UAV_0032,86.79231855129044,11.5661128543446,30377.82504938608,-125.8969647658068,-113.52528413081603,-137.059252710342,140.5912754437698,-4680.605940223165,-153.710522813651,-62.78592306541873,62.69947271787092,635.7649009071531,7136.415727532191,-648.8153498138018,50102.85488262805,-696.8106746363136,40.41581228213973,-103.3274064816052,33504.930019620995,-164.8973841769026,34961.56095399056,23074.702279690595,-17408.218184057867,-3645.3368753973227,-172.48260688499747,-7467.743900963596,969.0302044744708,-9786.527261844283
UAV_0033,87.25825894858659,11.689954896833513,30377.825049386083,-125.89756768539708,-113.52684953146536,-139.57708219681626,140.61099527514796,-4680.605940223165,-152.9185281542685,-62.587098172889014,62.26799672118818,640.1071703665625,7131.484905610267,-648.8153498138018,50042.690992970296,-694.6742815548338,40.41581228213973,-103.24048199763968,33505.06765390846,-164.8973841769026,34961.651412146006,23004.796090338154,-17381.926879942992,-3668.326864040328,-171.79474669570575,-7514.225311420445,969.0302044744708,-9727.851251580732
UAV_0034,87.20805347865745,11.01196397965865,30377.825049386076,-125.89495144477185,-113.52584030743871,-139.36275277497467,140.60719186951528,-4680.605940223165,-152.44654446168246,-62.417090972862084,62.21488887400351,639.7832576891623,7132.10914189699,-648.8153498138018,50038.361823909174,-694.5803110756775,40.41581228213973,-103.11031058155037,33504.77288229392,-164.8973841769026,34961.44082192949,23006.92909896619,-17382.33899762168,-3658.7890032373484,-171.7979231980378,-7508.462822050043,969.0302044744707,-9732.997034322116
UAV_0035,211.44082477235906,11.523399555748412,30377.825049386083,-125.88864206304102,-113.52597393209338,-137.68043040739852,140.5912754437698,-4680.605940223172,-151.52496009176235,-62.559632618577766,62.61616622298319,636.8279360271451,7134.188966848132,-648.8153498138007,50041.49322430778,-695.4475874457091,40.41581228213973,-101.61480807062283,33504.61296450963,-164.8973841769026,34961.18319563721,23039.68590912878,-17385.530234276528,-3645.3761745124534,-172.1252826104913,-7573.287320218489,969.0302044744708,-9757.071636982128
UAV_0036,85.87543604515092,11.711186608374414,30377.82504938608,-125.8954397055956,-113.52556931988177,-137.46386782709294,140.5912754437698,-4680.605940223165,-152.91800675719608,-62.446483413418704,62.563314530568974,636.5784585422962,7134.7027411788695,-648.8153498138018,50010.28447882225,-695.5894714193946,40.41581228213973,-103.3239416305994,33504.861473165656,-164.8973841769026,34961.52332207666,23046.03574585383,-17374.58175264614,-3643.933647921964,-172.21790315718684,-7470.6407321564375,969.0302044744708,-9768.298078448468
UAV_0037,86.38762936722972,10.969100280179871,30377.82504938608,-125.8963489534535,-113.5257022699707,-139.09022860781948,140.60666132199043,-4680.605940223165,-152.25963244187528,-62.44099209674688,62.31142633301856,639.340209264323,7130.747972152027,-648.8153498138018,50028.02946922206,-694.1816848681436,40.41581228213973,-103.07003941425624,33504.39446918766,-164.8973841769026,34961.0523392093,23000.14916092062,-17376.596667478094,-3654.3507315962056,-171.68403462856787,-7498.059819066664,969.0302044744708,-9721.189093386956
UAV_0038,87.15366790997022,11.224116784745291,30377.825049386076,-125.8915860557176,-113.52553297516747,-139.9255130246413,140.61564895543378,-4680.605940223165,-152.83164594797316,-62.283117057103006,62.11880338515181,640.9314706289081,7132.802935457449,-648.8153498138018,50065.827727711665,-695.0823934305863,40.41581228213973,-103.28664026876274,33505.60836825595,-164.8973841769026,34962.2966182032,23034.19755830076,-17392.214979197273,-3675.2124185727025,-172.03205110905057,-7530.5701392757655,969.0302044744708,-9744.938459113802
UAV_0039,86.45116541031095,11.507693563929886,30377.825049386083,-125.89749443209566,-113.52578587116172,-139.74208676762814,140.61067358764709,-4680.605940223165,-152.88045167030975,-62.58632064349005,62.236946378106985,640.3459629178368,7131.8130132788765,-648.8153498138018,50043.871884913926,-694.6293128162363,40.41581228213973,-103.25903514081152,33505.12877448662,-164.8973841769026,34961.803947476044,23015.67915506907,-17383.080702495365,-3665.2076453538716,-171.82842670075146,-7516.612454710245,969.0302044744708,-9731.159728840259
UAV_0040,87.28615018527873,10.893317981327892,30377.825049386076,-125.8975638290373,-113.52602602056866,-136.4452829749721,140.5912754437698,-4680.605940223165,-152.61590143467188,-62.497650973496434,62.69060033102335,634.7457278348047,7138.636545775108,-648.8153498138018,49977.91144769143,-697.5788910033482,40.41581228213973,-103.32820694478019,33505.811818617985,-164.8973841769026,34962.5326608094,23095.07783943578,-17369.74917188303,-3639.0617280144766,-172.95149926260527,-7461.49870538064,969.0302044744709,-9817.44082945634
UAV_0041,87.03107175203915,11.2780632923485,30377.82504938608,-125.89134886597675,-113.52500530552749,-139.92629278095995,140.61429221401733,-4680.605940223165,-153.92431012031437,-62.49115655873609,62.16567811427168,640.6801921191043,7133.575006701611,-648.8153498138018,50071.120746336084,-695.3164422998912,40.41581228213973,-103.14975551693556,33505.45665198812,-164.8973841769026,34962.14586346336,23033.434352822303,-17394.566352753507,-3670.651616005406,-172.09061119499688,-7528.264038180961,969.0302044744708,-9748.408888662396
UAV_0042,87.20853566626167,10.229889425211214,30377.82504938608,-125.89355137436198,-113.52551256739497,-138.39043043612492,140.60463534517274,-4680.605940223165,-151.51248288532446,-62.54478738305056,62.27993148093854,638.0716287189516,7131.4094359970895,-648.8153498138018,49995.116961627784,-693.5568216714754,40.41581228213973,-102.97040413683324,33502.23462841581,-164.8973841769026,34958.73780202683,22979.676002712215,-17366.61145872156,-3645.71082916795,-171.71952288802774,-7479.7670596126745,969.0302044744708,-9729.690955573647
UAV_0043,86.54406717524624,10.771306877515,30377.82504938608,-125.89542886330622,-113.52616327718033,-139.72591903352048,140.61296343324352,-4680.605940223165,-152.48293315693567,-62.362702603136846,62.22342012809495,640.3356385200358,7132.08078080474,-648.8153498138018,50046.22435837207,-694.4965496047761,40.41581228213973,-103.2577402930917,33505.170071644134,-164.8973841769026,34961.83207840801,23020.70561303167,-17384.121447098634,-3667.7562005379696,-171.84684257124124,-7518.336863237848,969.0302044744709,-9733.601869271315
UAV_0044,87.56465689362328,11.68323449553172,30377.82504938608,-125.89571921975352,-113.52513326670984,-136.18215023944,140.5912754437698,-4680.605940223165,-152.19010555553626,-62.73521154771477,62.79087072058406,634.1056661113222,7140.034388930049,-648.8153498138018,49967.60493765894,-697.894387347032,40.41581228213973,-103.32806352330036,33506.073472543874,-164.8973841769026,34962.74460744822,23112.815153465683,-17367.229950695782,-3630.4774700744474,-173.1283773437952,-7459.353443562363,969.0302044744708,-9838.583250178364
UAV_0045,86.21696013827605,11.054344128319524,30377.82504938608,-125.89234126364205,-113.52578847560969,-139.11312533687115,140.60804592162845,-4680.605940223165,-152.67733162472794,-62.366034051177465,62.27267342694027,639.5183542613287,7131.463413945336,-648.8153498138018,50031.41241391685,-694.3792423761982,40.41581228213973,-103.10182732070906,33504.59756876126,-164.8973841769026,34961.12031308024,23000.529273446024,-17379.216066881956,-3661.0761380232825,-171.7002199621008,-7502.280065136435,969.0302044744708,-9726.077646754986
UAV_0046,85.75903607980293,12.685529819056768,30377.82504938608,-125.89200270748026,-113.52633051870758,-139.5261307131614,140.6098133984616,-4680.605940223165,-151.93950687421355,-62.15535037462181,62.216030797814916,639.9906374282939,7131.541564427885,-648.8153498138018,50032.85789368607,-694.2676445479674,40.415812282139726,-103.2391312861941,33504.854504235955,-164.8973841769026,34961.4062776645,23004.076483257973,-17380.087414178095,-3666.2604926781455,-171.7220471313392,-7509.343204231779,969.0302044744708,-9725.6984166627
UAV_0047,85.54875445027093,11.084470341173194,30377.82504938608,-125.89459507477468,-113.52640662424758,-137.53242983435285,140.5912754437698,-4680.605940223165,-152.35813849684698,-62.590073058942416,62.61931689831062,636.559913026908,7134.754415998534,-648.8153498138018,50148.03797835017,-695.8693094658169,40.41581228213973,-103.32193014692105,33504.32624067942,-164.8973841769026,34960.9705415338,23047.92071207532,-17422.679483900276,-3644.659973303869,-172.16621986079505,-7473.462203709107,969.0302044744708,-9762.615789126272
UAV_0048,86.65412273293094,12.378445033636265,30377.82504938608,-125.8927362274618,-113.5252549827691,-136.73618762578556,140.5912754437698,-4680.605940223165,-154.00029028609546,-62.29778782274753,62.707476240080986,634.9206654095925,7137.616141097492,-648.8153498138018,50110.78131582178,-697.2903699469647,40.41581228213973,-103.32672712781054,33505.17237044919,-164.8973841769026,34961.80234414844,23097.653205982304,-17412.91847386054,-3640.92718019408,-172.6859536513684,-7465.476968813218,969.0302044744709,-9805.787251044128
UAV_0049,85.14001095555034,11.807869768756872,30377.82504938608,-125.88563095956238,-113.52624922451321,-139.9537538864664,140.61712720089858,-4680.605940223165,-152.84722610260044,-62.41442449463584,62.14628497781498,640.9297624523477,7132.9128305286395,-648.8153498138018,50068.52416367736,-695.2834417740152,40.41581228213973,-103.20800164621572,33505.60043383108,-164.8973841769026,34962.20606556301,23040.609123974755,-17394.739571964572,-3671.305682075782,-172.0934121761341,-7530.718423068751,969.0302044744708,-9749.20735456719
UAV_0050,87.7150927818076,11.694839764010032,30377.825049386076,-125.88677996165033,-113.52518052590764,-137.4398319411066,140.5912754437698,-4680.605940223165,-151.84408315435377,-62.36778494098181,62.54860012609725,636.2433467830929,7135.217793040801,-648.8153498138018,50010.593409429544,-695.9133989722094,40.41581228213973,-103.32684070950782,33504.96892291558,-164.8973841769026,34961.57283597118,23049.51000448937,-17377.138563473476,-3643.116122303475,-172.3251116122102,-7470.490757540292,969.0302044744708,-9769.682295685468
UAV_0051,85.9043839018196,11.553643521148766,30377.82504938608,-125.8850706932087,-113.52592276885522,-137.30226203935115,140.5912754437698,-4680.605940223165,-152.7984154526591,-62.67693703349875,62.67826896388099,636.1305980696574,7135.544672994834,-648.8153498138018,50092.13558711845,-696.324382765721,40.41581228213973,-103.32711895492788,33504.85377045964,-164.8973841769026,34961.48084923705,23059.878516598983,-17404.95704727307,-3642.882401918788,-172.32712294390373,-7469.654613706724,969.0302044744708,-9781.23895596449
UAV_0052,87.30365205280931,11.905043821762934,30377.82504938608,-125.89641708709189,-113.52546258681761,-137.55027234369462,140.5912754437698,-4680.605940223165,-152.72595262058286,-62.33395404869197,62.555902070143965,636.4291413922425,7134.662320294904,-648.8153498138018,50051.682148915446,-695.6147887194119,40.41581228213973,-103.32341417898188,33504.694565653546,-164.8973841769026,34961.36332857427,23049.105925495704,-17388.293611759844,-3644.922279777467,-172.15359541948786,-7471.404308666918,969.0302044744708,-9769.639533648518
UAV_0053,86.96218614464338,12.0063188633222,30377.825049386083,-125.89177360020201,-113.52593473328658,-137.13952108405104,140.5912754437698,-4680.605940223165,-152.79209956819977,-62.443614619207125,62.51514835403079,635.9010111024178,7136.505909169421,-648.8153498138018,49927.27811784117,-696.3123606092561,40.41581228213973,-103.32716520341245,33505.560104358396,-164.8973841769026,34962.19866301106,23065.173213833972,-17347.53825640781,-3638.356169995602,-172.47918682705662,-7466.93486495339,969.0302044744708,-9784.78938497217
UAV_0054,86.9552746514874,11.927300129421733,30377.825049386076,-125.89554908914765,-113.52634369624467,-136.53895644157376,140.5912754437698,-4680.605940223165,-154.0538096431818,-62.58164138720913,62.70807288341128,634.7569377839301,7138.504391915772,-648.8153498138018,50046.38911355632,-697.6476508322755,40.41581228213973,-103.3277224458931,33505.52885016591,-164.8973841769026,34962.27385869338,23100.944698970357,-17392.463585212005,-3633.892306685509,-172.82661291472414,-7462.631064419571,969.0302044744708,-9817.364243653692
UAV_0055,86.41293107760472,10.806606145783041,30377.82504938608,-125.89814261740429,-113.52577654159649,-138.48819665042427,140.6050272356139,-4680.605940223165,-152.90124256102237,-62.413973729192556,62.368584645665265,638.2498600030135,7131.497544218069,-648.8153498138018,49999.050465302666,-693.6511152751399,40.41581228213973,-102.97757769157485,33502.332145807006,-164.8973841769026,34958.867900037854,22983.006246609002,-17367.76034104902,-3647.4239078696605,-171.7313911288797,-7482.13591724288,969.0302044744708,-9728.200522604475
UAV_0056,86.89995455929373,10.712642111906506,30377.82504938608,-125.89738618110724,-113.52621684814561,-136.38829379811483,140.5912754437698,-4680.605940223165,-153.30290531013827,-62.57215910005265,62.72209173471123,634.4313773422505,7139.4113556670745,-648.8153498138018,49934.20536484905,-697.6586994201715,40.41581228213973,-103.32715327896865,33506.12365556316,-164.8973841769026,34962.826799740615,23113.023963888136,-17355.18546481689,-3638.0521065173953,-173.02143772613965,-7459.323389123718,969.0302044744708,-9825.693825510141
UAV_0057,87.71591466030671,12.144201341531048,30377.82504938608,-125.89288637742908,-113.52586392532218,-140.16875011265304,140.61885897973616,-4680.605940223165,-153.63654060388092,-62.412081437539086,62.13661092937525,641.0938607990549,7133.142640014564,-648.8153498138018,50075.18675893055,-695.4219910032612,40.415812282139726,-103.3091199636836,33505.86621137614,-164.8973841769026,34962.55328854823,23045.430370045196,-17395.573292876943,-3678.281367706946,-172.0944268003616,-7536.98374477336,969.0302044744708,-9747.06812256793
UAV_0058,85.8146443529088,11.971472073631924,30377.825049386083,-125.89899740807928,-113.52590338161066,-136.66362523714267,140.5912754437698,-4680.605940223165,-152.47840477036226,-62.485327010481996,62.68506585663324,634.9455788718152,7137.986486101488,-648.8153498138018,50003.026054836635,-697.3175839915777,40.41581228213973,-103.32720553762655,33505.58344254385,-164.8973841769026,34962.248537610285,23091.504650327617,-17378.471880118337,-3636.3281302315227,-172.803053629308,-7462.921614579244,969.0302044744708,-9811.768769392078
UAV_0059,87.26150160765212,11.91920781012919,30377.825049386076,-125.88972698154829,-113.52578772613319,-140.17146314863206,140.62289536648822,-4680.605940223165,-153.01483831653968,-62.468126531247584,62.128682904026626,641.2522276503796,7133.465461871851,-648.8153498138018,50080.19100151485,-695.5968650870785,40.41581228213973,-103.2899660503897,33505.948941167364,-164.8973841769026,34962.70710812052,23044.4875011959,-17398.576643503126,-3679.3251728320956,-172.1787539003192,-7539.630374573575,969.0302044744708,-9758.1281694969
UAV_0060,86.63767179206152,10.386458152121685,30377.82504938608,-125.88843330276931,-113.52538306642428,-139.23720111137766,140.60982226829637,-4680.605940223165,-152.6704458045577,-62.46252596913941,62.27074410815308,639.5714364708881,7131.325731036353,-648.8153498138018,50036.58247959208,-694.1884463004491,40.41581228213973,-103.12198166474612,33504.64812381672,-164.8973841769026,34961.25469714288,23006.365031355923,-17379.76310701631,-3657.687027701016,-171.71625419419163,-7505.054745933112,969.0302044744708,-9727.45331210989
UAV_0061,86.0027283548174,11.461445065221199,30377.82504938608,-125.89040572577886,-113.5252520159546,-136.86953766032178,140.5912754437698,-4680.605940223165,-152.42016158634286,-62.389611146980535,62.69525242614539,635.2170433594077,7137.536679176709,-648.8153498138018,50098.30253190388,-697.1091557113109,40.41581228213973,-103.32681539392637,33505.12791406519,-164.8973841769026,34961.75522230676,23089.46847911816,-17408.20955658192,-3640.7791347673383,-172.60871898907448,-7465.760641183108,969.0302044744709,-9800.558104909289
UAV_0062,86.47558458521394,10.530482592337753,30377.82504938608,-125.89646162661973,-113.52602902839898,-139.2812721378781,140.60804592162845,-4680.605940223165,-153.0571389770398,-62.310383473940696,62.29471206111597,639.41473710444,7131.1127148127935,-648.8153498138018,50024.87862708527,-694.2537518417402,40.41581228213974,-103.13548230720518,33504.39038620536,-164.8973841769026,34960.90807668181,22995.317066831696,-17377.042009992514,-3663.543223429573,-171.6776669884464,-7500.26744399632,969.0302044744708,-9723.321461533345
UAV_0063,87.27196629630879,11.323723802414136,30377.825049386083,-125.89517238760419,-113.52600151108231,-137.02799602774155,140.5912754437698,-4680.605940223165,-152.97298194509398,-62.87104332605497,62.60981483628117,635.6449211072288,7136.854698678844,-648.8153498138018,49969.52270697641,-696.8665662163445,40.41581228213973,-103.32582430389417,33505.517397089025,-164.8973841769026,34962.14702091314,23075.55261509665,-17365.630499977106,-3641.4182044968293,-172.56630406782352,-7465.885252059728,969.0302044744708,-9794.73912251505
UAV_0064,86.26077585579606,12.186412504699213,30377.82504938608,-125.89300494091816,-113.52405085646099,-137.30794460087517,140.5912754437698,-4680.605940223165,-152.5226864224039,-62.520736788789414,62.62498936346462,636.0991463289918,7135.864716621019,-648.8153498138018,50177.99154738629,-696.0044369901318,40.41581228213973,-103.32703913172752,33504.51481201227,-164.8973841769026,34961.105478067046,23063.4428816099,-17433.829298102744,-3645.232674985097,-172.27228908842048,-7471.088781819544,969.0302044744708,-9776.180429049904
UAV_0065,86.68418412054503,10.886883921159432,30377.825049386076,-125.89995028150096,-113.52572435426809,-137.47598078343532,140.5912754437698,-4680.605940223165,-153.66535546863315,-62.325174301748454,62.61377221263844,636.5366909635151,7134.506264935574,-648.8153498138018,49987.7563753231,-695.4811801462214,40.41581228213973,-103.32404994030092,33505.00133540019,-164.8973841769026,34961.64818616448,23043.558327027265,-17367.48167344596,-3645.411608881486,-172.22193553848504,-7470.299638130541,969.0302044744708,-9767.14333703273
UAV_0066,85.555397628657,11.475886158513376,30377.825049386076,-125.90749534377127,-113.5257412709294,-137.64861216834808,140.5912754437698,-4680.605940223165,-152.531159578808,-62.14709376668235,62.56291982314952,636.7861961245126,7134.097585662887,-648.8153498138018,50061.54460864231,-695.3244591291037,40.41581228213974,-103.32261282814149,33504.56289140777,-164.8973841769026,34961.20714793753,23037.19355398064,-17391.15121758165,-3648.1069434850497,-172.13443712687373,-7472.13574686923,969.0302044744708,-9760.061611164665
UAV_0067,86.36490897531128,11.647319457381835,30377.82504938608,-125.8988380335993,-113.52550728858927,-136.57325297035618,140.5912754437698,-4680.605940223165,-154.48391262656972,-62.51175849556823,62.70027906636215,635.01568569608,7138.0729713305,-648.8153498138018,50002.69127205237,-697.1841785808421,40.41581228213973,-103.32664887363138,33505.5630181001,-164.8973841769026,34962.28345417296,23092.309356972553,-17377.24220993015,-3643.390873558374,-172.82002372387944,-7462.945862484296,969.0302044744708,-9807.548571346071
UAV_0068,177.8190043733611,10.840649852948388,30377.825049386076,-125.8929595252014,-113.52582879863884,-137.6875085789544,140.5912754437698,-4680.605940223151,-153.54614874073297,-62.20646059785678,62.56766714550409,636.8692818324039,7133.8120443257585,-648.8153498138008,50201.40618818648,-695.6259823128696,40.41581228213973,-101.99462520402241,33504.15349634931,-164.8973841769026,34960.76577983522,23035.97907867007,-17439.46531182767,-3644.505497810086,-171.9685631480349,-7073.9844073591585,969.0302044744708,-9750.660338455393
UAV_0069,86.19860344406938,10.985300859713401,30377.82504938608,-125.89780167139408,-113.52528985938133,-136.46587950250387,140.5912754437698,-4680.605940223165,-153.7682125058685,-62.55307683391546,62.79090356587336,634.5788749053573,7139.236646078972,-648.8153498138018,49926.17930986979,-697.5577276779205,40.41581228213973,-103.3263137168715,33506.12838284172,-164.8973841769026,34962.79024434958,23100.944380926645,-17353.0354421428,-3646.2221294556566,-172.97155467019383,-7461.105483840282,969.0302044744708,-9823.504718191836
UAV_0070,86.08359865001722,11.628047135180486,30377.82504938608,-125.89886906924653,-113.5255858152656,-137.31320410665876,140.5912754437698,-4680.605940223165,-152.80288970495403,-62.413774657722705,62.66092656924259,636.2035268194481,7134.78213764382,-648.8153498138018,50028.23036328978,-696.0108488600157,40.41581228213973,-103.32559321088895,33504.840754152334,-164.8973841769026,34961.54152089437,23062.07365615097,-17381.793462997834,-3646.169835676201,-172.33353806988242,-7469.8608105189105,969.0302044744708,-9777.459966458224
UAV_0071,86.20481299312428,11.457751692963614,30377.82504938608,-125.89462613405624,-113.52569588530758,-138.39308802967753,140.6036739113554,-4680.605940223165,-153.44675470428362,-62.348559122053864,62.346577908241294,638.0919904883949,7131.660192687027,-648.8153498138018,49995.674838536426,-693.471267457832,40.41581228213973,-102.94267682929578,33502.206709506485,-164.8973841769026,34958.73542704564,22974.02632071434,-17366.02037140863,-3647.564130983455,-171.68250623522428,-7478.761995381608,969.0302044744707,-9729.703021452267
UAV_0072,3.3488035296474803,10.876691520198756,30377.82504938608,-125.88903649462762,-113.52589693986371,-139.68120620781036,140.61165121293536,-4680.605940223146,-154.3568594136573,-62.431510048096676,62.103366902987446,640.360393469663,7132.874800133769,-648.8153498138026,50064.45649139293,-695.1224857140498,40.415812282139726,-100.96605803363155,33505.25083841637,-164.8973841769026,34961.91461231872,23034.88156120258,-17391.803813529656,-3672.6152424481124,-172.01088063666427,-7827.252344807378,969.0302044744708,-9747.001405357747
UAV_0073,86.3373798294296,11.659531212191494,30377.82504938608,-125.89614113902368,-113.52554204638832,-138.49854251050354,140.60606661523002,-4680.605940223165,-151.7066205652796,-62.108081386959306,62.42260926708527,638.386988159298,7131.319295119333,-648.8153498138018,49996.07710373005,-693.5666854271851,40.41581228213974,-103.06770697443046,33502.15187490103,-164.8973841769026,34958.65747830923,22979.552432198994,-17365.351161782914,-3648.514435878689,-171.74339110680972,-7483.56630637986,969.0302044744708,-9728.597344537922
UAV_0074,87.27305734381802,11.116420673837359,30377.82504938608,-125.8959276864129,-113.52568964819956,-136.71738316284052,140.5912754437698,-4680.605940223165,-152.39251952000367,-62.49501753789989,62.726849347975055,635.0403299747022,7138.152919250554,-648.8153498138018,50105.727446927754,-697.4118365353946,40.41581228213973,-103.32584975646867,33505.16160957137,-164.8973841769026,34961.847854807434,23098.747762121628,-17412.4200603827,-3645.5631768660037,-172.691008524506,-7465.2100268393815,969.0302044744708,-9805.535736959207
UAV_0075,86.29251728248198,11.330639221110117,30377.82504938608,-125.88881329077068,-113.52627712446824,-138.8923742522997,140.6078678567091,-4680.605940223165,-153.4672294667288,-62.45386775610382,62.26599468231117,639.1500725917368,7131.548741308649,-648.8153498138018,50027.85901717108,-694.0969907493917,40.41581228213973,-102.99347714537218,33504.31237926211,-164.8973841769026,34960.90756857013,22996.022105025128,-17376.988124045252,-3651.1504866291534,-171.6652887805538,-7495.206692309685,969.0302044744708,-9725.173713688386
UAV_0076,237.93468536439178,12.070061812516352,30377.82504938608,-125.8951917518917,-113.52572425296613,-136.10641638773515,140.5912754437698,-4680.605940223148,-154.0102579186334,-62.20983418983023,62.8430828387228,634.2821456165013,7139.671403665882,-648.8153498138025,49855.56092889489,-697.7730991834127,40.41581228213973,-104.214025998741,33506.53413670589,-164.8973841769026,34963.260847844496,23115.516549040476,-17329.09245967066,-3636.570594952009,-173.1462500050895,-7687.823156032128,969.0302044744708,-9833.650261300649
UAV_0077,85.66928997719572,11.737919212529794,30377.82504938608,-125.88741935601267,-113.52573288104503,-140.15464273277018,140.61992501011164,-4680.605940223165,-153.061074942632,-62.44290089413474,62.153015390667754,641.283355243913,7133.706054787319,-648.8153498138018,50084.65452640151,-695.816619086152,40.41581228213973,-103.24074544651793,33506.01197717658,-164.8973841769026,34962.71493624892,23052.695747771606,-17400.85364661923,-3682.376048271846,-172.235022298255,-7541.034429975224,969.0302044744708,-9757.49651598798
UAV_0078,-30.360971116016383,11.050762991079834,30377.825049386083,-125.89736187178472,-113.52653585891676,-137.01312307993294,140.5912754437698,-4680.605940223188,-154.05330529366583,-62.2971066083402,62.66572882827204,635.5621451234763,7136.553878865977,-648.8153498137988,50064.16682007978,-696.6395649439802,40.41581228213974,-98.49935583635434,33505.022665450626,-164.8973841769026,34961.621071105146,23069.38049814964,-17395.576203516946,-3638.9956982110566,-172.5353105044015,-7716.798655438164,969.0302044744708,-9792.354335067297
UAV_0079,85.83676740281851,12.083813558307607,30377.82504938608,-125.88655763685426,-113.52642304151273,-137.22542888482337,140.5912754437698,-4680.605940223165,-152.68267826261558,-62.038850387203496,62.623329159301,636.0545857626591,7136.683636000293,-648.8153498138018,50026.88917918215,-696.3126154296184,40.41581228213973,-103.32428667429174,33505.061078567414,-164.8973841769026,34961.75053159692,23055.761055038103,-17383.799459979185,-3647.6950911862014,-172.41597115053017,-7468.117746481494,969.0302044744709,-9782.352236996303
UAV_0080,86.18779730842664,11.211409230039749,30377.82504938608,-125.88659026747801,-113.5263367454571,-136.95530642043894,140.5912754437698,-4680.605940223165,-155.2736933628521,-62.23037227841395,62.73127905833345,635.7586598711109,7137.1509563464115,-648.8153498138018,50004.92328960416,-696.7582390388432,40.41581228213973,-103.32695885586325,33505.336898740294,-164.8973841769026,34961.949359833045,23074.703931410437,-17375.8075117641,-3640.727365240023,-172.61047949478396,-7465.411805037379,969.0302044744708,-9794.892681437714
UAV_0081,86.1414282655736,11.533773370063322,30377.82504938608,-125.89008268603766,-113.5260307443486,-139.28526966414918,140.61034763346711,-4680.605940223165,-154.46089711701603,-62.48200607338156,62.242714962024586,639.7111224431688,7131.939519190058,-648.8153498138018,50043.81124194512,-694.8341095007754,40.41581228213973,-103.07065820970936,33504.812169447694,-164.8973841769026,34961.449967704786,23016.34052597665,-17383.14305992516,-3661.281643303396,-171.8038677798635,-7508.579962315617,969.0302044744707,-9733.625647648958
UAV_0082,85.65827892227807,11.074628035056257,30377.825049386083,-125.89801205571477,-113.52562076331091,-140.0484847120761,140.61540139437346,-4680.605940223165,-153.12711893852455,-62.24713033809889,62.150923707757705,641.0702467067744,7133.532978378167,-648.8153498138018,50082.29361445732,-695.700640635549,40.41581228213973,-103.18092689888097,33505.74286204636,-164.8973841769026,34962.44018848584,23048.504865913856,-17398.295995262808,-3677.194228810888,-172.15500294453025,-7535.898328267483,969.0302044744708,-9755.607868733998
UAV_0083,87.29966369437705,10.14793693221818,30377.825049386083,-125.90062063947713,-113.52575208745947,-136.8612442727801,140.5912754437698,-4680.605940223165,-152.38874278854894,-62.401204032667394,62.696734787365536,635.433151078351,7137.368898735062,-648.8153498138018,50036.48883907341,-697.0234009303604,40.41581228213973,-103.32678864340187,33505.30925306531,-164.8973841769026,34962.00520271325,23078.66529947337,-17387.825509258673,-3640.7892234684327,-172.6198216833615,-7465.138763393517,969.0302044744708,-9800.939707116395
UAV_0084,86.99222879263435,11.885402809305562,30377.82504938608,-125.90195674166996,-113.5259908031181,-139.3310608358121,140.61029064266927,-4680.605940223165,-151.9460839880725,-62.37086008102458,62.22172416649769,639.753224032879,7132.500644294143,-648.8153498138018,50047.03766255101,-694.7143122103242,40.41581228213973,-103.05752114255593,33504.90056246303,-164.8973841769026,34961.519375146905,23020.40238161207,-17385.916011618665,-3664.0600517431,-171.84937139046107,-7510.979599114147,969.0302044744708,-9734.837902885336
UAV_0085,2.9266463872132698,11.915859917207204,30377.82504938608,-125.89731129372726,-113.5260168544589,-139.96571318161392,140.61615533032983,-4680.605940223141,-153.1532066657276,-62.45628010787111,62.17907845117959,640.9115039947851,7132.9346843335625,-648.8153498137995,50067.06527749805,-695.120799519417,40.41581228213973,-99.92779343556595,33505.63125230973,-164.8973841769026,34962.31995759429,23028.828490756572,-17392.718283549002,-3675.94256728475,-172.04853115621717,-8037.224785164468,969.0302044744708,-9746.466964173389
UAV_0086,86.19319360255837,11.611343932108518,30377.82504938608,-125.89698392238803,-113.52595930931123,-137.40658352258893,140.5912754437698,-4680.605940223165,-152.66787681613025,-62.49401346764038,62.565372712928486,636.4713131556065,7134.99987699337,-648.8153498138018,50093.14498029477,-695.8910334482749,40.41581228213973,-103.32391804807834,33504.61067914657,-164.8973841769026,34961.23594577011,23054.28544822064,-17404.517838932396,-3640.7142654291374,-172.21300066374056,-7471.33267874242,969.0302044744708,-9769.525069930216
UAV_0087,87.78520372220073,9.855531381679327,30377.82504938608,-125.8932352417473,-113.52690039306928,-136.6968982703734,140.5912754437698,-4680.605940223165,-153.16227719892086,-62.42250048662221,62.740329914186354,635.1032791017437,7137.725217495697,-648.8153498138018,50054.858838984546,-697.3014962172861,40.41581228213973,-103.32695680567628,33505.36359209918,-164.8973841769026,34961.98982653501,23091.174420732244,-17395.012536425696,-3642.002084187426,-172.7188082226786,-7464.126474976099,969.0302044744708,-9807.901432715553
UAV_0088,87.57851322852005,11.137033203937394,30377.825049386083,-125.89196993547633,-113.52592232309307,-139.290483761872,140.6083584150047,-4680.605940223165,-152.49763789148034,-62.58320817935022,62.19642725759979,639.5272433984468,7132.249080167394,-648.8153498138018,50052.01587473065,-694.7284684598087,40.41581228213973,-102.98000988476498,33504.86559910269,-164.8973841769026,34961.46361314938,23017.831023309773,-17386.99483004737,-3663.463482878539,-171.89511869363582,-7509.661123823066,969.0302044744708,-9738.385435957274
UAV_0089,21.76081357537533,10.310774520868813,30377.82504938608,-125.90061050872563,-113.52609323099965,-139.0328276707229,140.60663825470672,-4680.605940223179,-152.75580020222233,-62.39221487458776,62.22118820307419,639.3530764774814,7130.991158122168,-648.8153498138028,50016.2317571838,-694.0211008508907,40.41581228213974,-104.56545650732735,33503.9198485227,-164.8973841769026,34960.49766905874,22982.88038728056,-17373.017027546215,-3658.6730195903924,-171.66336306822225,-7720.899331790349,969.0302044744708,-9722.134429724352
UAV_0090,87.97435972435979,11.116725415223641,30377.825049386083,-125.88717846281335,-113.52552489179443,-137.1615336424698,140.5912754437698,-4680.605940223165,-153.06352899260628,-62.490101537825716,62.59077815475114,635.9526097152003,7135.970662774958,-648.8153498138018,50043.447815318184,-696.0077292013483,40.41581228213973,-103.3242457446911,33504.97382505007,-164.8973841769026,34961.5800015175,23063.196479574115,-17387.144772839285,-3643.8397406653266,-172.34066256322245,-7468.914826243675,969.0302044744708,-9780.13588590759
UAV_0091,86.02939181233496,11.566155154693604,30377.82504938608,-125.90218495483393,-113.5264660380642,-137.29145964572416,140.5912754437698,-4680.605940223165,-152.9321711053188,-62.4590268905938,62.58719257858136,636.3716442101179,7135.023221672257,-648.8153498138018,50047.80032312138,-695.855464432588,40.41581228213973,-103.3248773113789,33504.81849508672,-164.8973841769026,34961.49505821347,23057.302211601374,-17389.47772061477,-3644.9536791903815,-172.31295626696553,-7469.611759499096,969.0302044744708,-9775.589064206557
UAV_0092,84.98840672929295,11.036818911358223,30377.825049386076,-125.89992745165375,-113.52594726014263,-136.2574722030188,140.5912754437698,-4680.605940223165,-152.8706466534873,-62.35062960150429,62.7347633537851,634.1526334753019,7140.0110924508945,-648.8153498138018,49912.85835396181,-697.8702387631718,40.41581228213973,-103.32728594882656,33506.32776430761,-164.8973841769026,34963.01413063224,23112.859657070585,-17349.031433092252,-3637.4199414759514,-173.12803547573105,-7458.006930176663,969.0302044744708,-9830.00013865557
UAV_0093,86.9984851783611,11.873996171974772,30377.825049386083,-125.89494907939952,-113.52575950180223,-137.0046756680633,140.5912754437698,-4680.605940223165,-152.67041696108487,-62.29933654707871,62.605188863407946,635.6985170517984,7136.961835904132,-648.8153498138018,50009.1512828815,-696.4045057385399,40.41581228213973,-103.32592711763317,33505.17722803844,-164.8973841769026,34961.888577023274,23066.32625189184,-17377.353948446853,-3641.7184397452056,-172.44767979285072,-7467.349815960726,969.0302044744707,-9785.933446707662
UAV_0094,85.38644931037973,11.247588174033618,30377.82504938608,-125.8884065324959,-113.52636732980555,-140.43698057082713,140.62898762803613,-4680.605940223165,-153.58851315056702,-62.50369878532249,62.16468114748305,641.6366211249475,7134.517281177271,-648.8153498138018,50098.31463998039,-696.2538741356751,40.41581228213973,-103.26429184282951,33506.41779451135,-164.8973841769026,34963.10156376264,23052.713305067733,-17406.608381501224,-3684.7785089833833,-172.33656272303904,-7550.659718158907,969.0302044744707,-9764.904585352886
UAV_0095,86.53455258777555,11.229710814561559,30377.82504938608,-125.8961266210092,-113.52560727284586,-136.3912028429851,140.5912754437698,-4680.605940223165,-153.5752869489812,-62.363174320286795,62.73690436008771,634.5318906093607,7138.4790604120335,-648.8153498138018,50030.01465996503,-697.7334937702277,40.41581228213973,-103.32740045094631,33505.63800863371,-164.8973841769026,34962.32319020474,23108.22664828159,-17388.387921304435,-3633.646342052572,-172.9434730586349,-7461.197407152909,969.0302044744709,-9822.441080239323
UAV_0096,86.26615822223735,11.922446595879233,30377.82504938608,-125.89928453163468,-113.52572993789306,-139.53537225545708,140.61000560832323,-4680.605940223165,-153.77974338110033,-62.465861962504235,62.20167618742339,640.2234661395436,7132.501176024873,-648.8153498138018,50057.83254768098,-695.0195344310737,40.41581228213973,-103.08337762504468,33505.184232226275,-164.8973841769026,34961.79159620896,23024.86921386933,-17389.320072684266,-3668.6283031906923,-171.97072313026013,-7518.4902397097985,969.0302044744708,-9743.26602961693
UAV_0097,87.04622610709406,11.52091289957398,30377.82504938608,-125.89491584397223,-113.52594678751326,-139.61578846005375,140.61221567225965,-4680.605940223165,-152.3297555090864,-62.50314115284336,62.159482506384904,640.2687798901254,7132.147592966136,-648.8153498138018,50053.21921397284,-694.9523713625816,40.41581228213973,-103.15999311947753,33505.08314584981,-164.8973841769026,34961.79701155451,23020.06633157478,-17386.62972525041,-3667.1746179854513,-171.90643179557154,-7517.947450013425,969.0302044744707,-9739.182596015287
UAV_0098,86.99705023109293,11.276756902440296,30377.825049386076,-125.89563726829286,-113.52590653212796,-139.55094697997754,140.6117127565674,-4680.605940223165,-153.29883593404878,-62.38282555525038,62.208513775070664,639.9513809329737,7132.800668165356,-648.8153498138018,50060.74661791169,-695.1584750760204,40.41581228213973,-103.03772278839986,33505.13343196669,-164.8973841769026,34961.808492772354,23026.859270773737,-17390.924938675373,-3664.544595227613,-171.9668206019357,-7517.267285546486,969.0302044744708,-9742.906715673134
UAV_0099,86.36583134565757,11.168241141263403,30377.825049386076,-125.88920638977629,-113.52564546939493,-136.05763818533535,140.5912754437698,-4680.605940223165,-154.05090386465758,-62.49777691980439,62.80092513247524,634.0323684752624,7140.190702220117,-648.8153498138018,49999.98697245951,-698.2113469728099,40.41581228213973,-103.32722780507504,33505.969204010675,-164.8973841769026,34962.69034097546,23118.523698864217,-17378.159438598534,-3637.489978360302,-173.1196697284305,-7458.585610818032,969.0302044744708,-9832.823034602252
UAV_0100,85.81285128101509,11.351654017610276,30377.82504938608,-125.8880447643939,-113.52619611390281,-136.43877034831038,140.5912754437698,-4680.605940223165,-153.54423959460368,-62.38927412136358,62.81804014412703,634.6852917377489,7139.037293521551,-648.8153498138018,49965.15419203867,-697.8053899943123,40.41581228213973,-103.32758047106319,33505.931403090806,-164.8973841769026,34962.65478771904,23101.19135198376,-17364.36396866733,-3634.6590801480547,-172.9491856235844,-7460.924122099135,969.0302044744709,-9821.403505703836
