channel,uav_id,longest_run,flatline_rows,row_count
telemetry_01,UAV_0001,1,0,259
telemetry_02,UAV_0001,1,0,259
telemetry_03,UAV_0001,125,249,259
telemetry_04,UAV_0001,2,0,259
telemetry_05,UAV_0001,1,0,259
telemetry_06,UAV_0001,1,0,259
telemetry_07,UAV_0001,259,259,259
telemetry_08,UAV_0001,7,12,259
telemetry_09,UAV_0001,1,0,259
telemetry_10,UAV_0001,1,0,259
telemetry_11,UAV_0001,1,0,259
telemetry_12,UAV_0001,2,0,259
telemetry_13,UAV_0001,1,0,259
telemetry_14,UAV_0001,7,28,259
telemetry_15,UAV_0001,1,0,259
telemetry_16,UAV_0001,6,6,259
telemetry_17,UAV_0001,125,249,259
telemetry_18,UAV_0001,1,0,259
telemetry_19,UAV_0001,1,0,259
telemetry_20,UAV_0001,259,259,259
telemetry_21,UAV_0001,2,0,259
telemetry_22,UAV_0001,1,0,259
telemetry_23,UAV_0001,1,0,259
telemetry_24,UAV_0001,1,0,259
telemetry_25,UAV_0001,2,0,259
telemetry_26,UAV_0001,1,0,259
telemetry_27,UAV_0001,259,259,259
telemetry_28,UAV_0001,1,0,259
telemetry_01,UAV_0002,1,0,253
telemetry_02,UAV_0002,1,0,253
telemetry_03,UAV_0002,132,249,253
telemetry_04,UAV_0002,2,0,253
telemetry_05,UAV_0002,1,0,253
telemetry_06,UAV_0002,1,0,253
telemetry_07,UAV_0002,198,245,253
telemetry_08,UAV_0002,253,253,253
telemetry_09,UAV_0002,1,0,253
telemetry_10,UAV_0002,1,0,253
telemetry_11,UAV_0002,1,0,253
telemetry_12,UAV_0002,2,0,253
telemetry_13,UAV_0002,1,0,253
telemetry_14,UAV_0002,253,253,253
telemetry_15,UAV_0002,1,0,253
telemetry_16,UAV_0002,6,6,253
telemetry_17,UAV_0002,132,249,253
telemetry_18,UAV_0002,1,0,253
telemetry_19,UAV_0002,1,0,253
telemetry_20,UAV_0002,253,253,253
telemetry_21,UAV_0002,3,0,253
telemetry_22,UAV_0002,1,0,253
telemetry_23,UAV_0002,1,0,253
telemetry_24,UAV_0002,1,0,253
telemetry_25,UAV_0002,2,0,253
telemetry_26,UAV_0002,2,0,253
telemetry_27,UAV_0002,253,253,253
telemetry_28,UAV_0002,1,0,253
telemetry_01,UAV_0003,1,0,222
telemetry_02,UAV_0003,1,0,222
telemetry_03,UAV_0003,92,220,222
telemetry_04,UAV_0003,2,0,222
telemetry_05,UAV_0003,1,0,222
telemetry_06,UAV_0003,1,0,222
telemetry_07,UAV_0003,222,222,222
telemetry_08,UAV_0003,222,222,222
telemetry_09,UAV_0003,1,0,222
telemetry_10,UAV_0003,1,0,222
telemetry_11,UAV_0003,2,0,222
telemetry_12,UAV_0003,2,0,222
telemetry_13,UAV_0003,1,0,222
telemetry_14,UAV_0003,222,222,222
telemetry_15,UAV_0003,1,0,222
telemetry_16,UAV_0003,6,6,222
telemetry_17,UAV_0003,92,220,222
telemetry_18,UAV_0003,1,0,222
telemetry_19,UAV_0003,1,0,222
telemetry_20,UAV_0003,222,222,222
telemetry_21,UAV_0003,3,0,222
telemetry_22,UAV_0003,1,0,222
telemetry_23,UAV_0003,1,0,222
telemetry_24,UAV_0003,1,0,222
telemetry_25,UAV_0003,2,0,222
telemetry_26,UAV_0003,2,0,222
telemetry_27,UAV_0003,222,222,222
telemetry_28,UAV_0003,1,0,222
telemetry_01,UAV_0004,1,0,272
telemetry_02,UAV_0004,1,0,272
telemetry_03,UAV_0004,83,264,272
telemetry_04,UAV_0004,2,0,272
telemetry_05,UAV_0004,1,0,272
telemetry_06,UAV_0004,1,0,272
telemetry_07,UAV_0004,272,272,272
telemetry_08,UAV_0004,272,272,272
telemetry_09,UAV_0004,1,0,272
telemetry_10,UAV_0004,1,0,272
telemetry_11,UAV_0004,1,0,272
telemetry_12,UAV_0004,2,0,272
telemetry_13,UAV_0004,1,0,272
telemetry_14,UAV_0004,272,272,272
telemetry_15,UAV_0004,1,0,272
telemetry_16,UAV_0004,5,10,272
telemetry_17,UAV_0004,83,264,272
telemetry_18,UAV_0004,1,0,272
telemetry_19,UAV_0004,1,0,272
telemetry_20,UAV_0004,272,272,272
telemetry_21,UAV_0004,3,0,272
telemetry_22,UAV_0004,1,0,272
telemetry_23,UAV_0004,1,0,272
telemetry_24,UAV_0004,1,0,272
telemetry_25,UAV_0004,2,0,272
telemetry_26,UAV_0004,2,0,272
telemetry_27,UAV_0004,272,272,272
telemetry_28,UAV_0004,1,0,272
telemetry_01,UAV_0005,1,0,213
telemetry_02,UAV_0005,1,0,213
telemetry_03,UAV_0005,113,204,213
telemetry_04,UAV_0005,2,0,213
telemetry_05,UAV_0005,1,0,213
telemetry_06,UAV_0005,1,0,213
telemetry_07,UAV_0005,213,213,213
telemetry_08,UAV_0005,213,213,213
telemetry_09,UAV_0005,1,0,213
telemetry_10,UAV_0005,1,0,213
telemetry_11,UAV_0005,1,0,213
telemetry_12,UAV_0005,2,0,213
telemetry_13,UAV_0005,1,0,213
telemetry_14,UAV_0005,213,213,213
telemetry_15,UAV_0005,2,0,213
telemetry_16,UAV_0005,5,5,213
telemetry_17,UAV_0005,113,204,213
telemetry_18,UAV_0005,1,0,213
telemetry_19,UAV_0005,1,0,213
telemetry_20,UAV_0005,213,213,213
telemetry_21,UAV_0005,3,0,213
telemetry_22,UAV_0005,1,0,213
telemetry_23,UAV_0005,1,0,213
telemetry_24,UAV_0005,1,0,213
telemetry_25,UAV_0005,2,0,213
telemetry_26,UAV_0005,1,0,213
telemetry_27,UAV_0005,213,213,213
telemetry_28,UAV_0005,1,0,213
telemetry_01,UAV_0006,1,0,278
telemetry_02,UAV_0006,1,0,278
telemetry_03,UAV_0006,123,273,278
telemetry_04,UAV_0006,2,0,278
telemetry_05,UAV_0006,1,0,278
telemetry_06,UAV_0006,1,0,278
telemetry_07,UAV_0006,278,278,278
telemetry_08,UAV_0006,278,278,278
telemetry_09,UAV_0006,1,0,278
telemetry_10,UAV_0006,1,0,278
telemetry_11,UAV_0006,2,0,278
telemetry_12,UAV_0006,3,0,278
telemetry_13,UAV_0006,1,0,278
telemetry_14,UAV_0006,278,278,278
telemetry_15,UAV_0006,1,0,278
telemetry_16,UAV_0006,5,15,278
telemetry_17,UAV_0006,123,273,278
telemetry_18,UAV_0006,1,0,278
telemetry_19,UAV_0006,1,0,278
telemetry_20,UAV_0006,278,278,278
telemetry_21,UAV_0006,3,0,278
telemetry_22,UAV_0006,1,0,278
telemetry_23,UAV_0006,1,0,278
telemetry_24,UAV_0006,1,0,278
telemetry_25,UAV_0006,2,0,278
telemetry_26,UAV_0006,2,0,278
telemetry_27,UAV_0006,278,278,278
telemetry_28,UAV_0006,1,0,278
telemetry_01,UAV_0007,1,0,424
telemetry_02,UAV_0007,1,0,424
telemetry_03,UAV_0007,91,408,424
telemetry_04,UAV_0007,2,0,424
telemetry_05,UAV_0007,1,0,424
telemetry_06,UAV_0007,1,0,424
telemetry_07,UAV_0007,328,398,424
telemetry_08,UAV_0007,424,424,424
telemetry_09,UAV_0007,1,0,424
telemetry_10,UAV_0007,1,0,424
telemetry_11,UAV_0007,1,0,424
telemetry_12,UAV_0007,2,0,424
telemetry_13,UAV_0007,1,0,424
telemetry_14,UAV_0007,424,424,424
telemetry_15,UAV_0007,2,0,424
telemetry_16,UAV_0007,7,18,424
telemetry_17,UAV_0007,91,408,424
telemetry_18,UAV_0007,1,0,424
telemetry_19,UAV_0007,1,0,424
telemetry_20,UAV_0007,424,424,424
telemetry_21,UAV_0007,3,0,424
telemetry_22,UAV_0007,1,0,424
telemetry_23,UAV_0007,1,0,424
telemetry_24,UAV_0007,1,0,424
telemetry_25,UAV_0007,2,0,424
telemetry_26,UAV_0007,2,0,424
telemetry_27,UAV_0007,424,424,424
telemetry_28,UAV_0007,1,0,424
telemetry_01,UAV_0008,1,0,267
telemetry_02,UAV_0008,1,0,267
telemetry_03,UAV_0008,89,256,267
telemetry_04,UAV_0008,2,0,267
telemetry_05,UAV_0008,1,0,267
telemetry_06,UAV_0008,1,0,267
telemetry_07,UAV_0008,267,267,267
telemetry_08,UAV_0008,267,267,267
telemetry_09,UAV_0008,1,0,267
telemetry_10,UAV_0008,1,0,267
telemetry_11,UAV_0008,2,0,267
telemetry_12,UAV_0008,2,0,267
telemetry_13,UAV_0008,1,0,267
telemetry_14,UAV_0008,267,267,267
telemetry_15,UAV_0008,1,0,267
telemetry_16,UAV_0008,10,22,267
telemetry_17,UAV_0008,89,256,267
telemetry_18,UAV_0008,1,0,267
telemetry_19,UAV_0008,1,0,267
telemetry_20,UAV_0008,267,267,267
telemetry_21,UAV_0008,4,0,267
telemetry_22,UAV_0008,1,0,267
telemetry_23,UAV_0008,1,0,267
telemetry_24,UAV_0008,1,0,267
telemetry_25,UAV_0008,2,0,267
telemetry_26,UAV_0008,2,0,267
telemetry_27,UAV_0008,267,267,267
telemetry_28,UAV_0008,1,0,267
telemetry_01,UAV_0009,1,0,406
telemetry_02,UAV_0009,1,0,406
telemetry_03,UAV_0009,124,400,406
telemetry_04,UAV_0009,2,0,406
telemetry_05,UAV_0009,1,0,406
telemetry_06,UAV_0009,1,0,406
telemetry_07,UAV_0009,156,353,406
telemetry_08,UAV_0009,406,406,406
telemetry_09,UAV_0009,1,0,406
telemetry_10,UAV_0009,1,0,406
telemetry_11,UAV_0009,1,0,406
telemetry_12,UAV_0009,2,0,406
telemetry_13,UAV_0009,1,0,406
telemetry_14,UAV_0009,406,406,406
telemetry_15,UAV_0009,1,0,406
telemetry_16,UAV_0009,6,11,406
telemetry_17,UAV_0009,124,400,406
telemetry_18,UAV_0009,1,0,406
telemetry_19,UAV_0009,1,0,406
telemetry_20,UAV_0009,406,406,406
telemetry_21,UAV_0009,4,0,406
telemetry_22,UAV_0009,2,0,406
telemetry_23,UAV_0009,1,0,406
telemetry_24,UAV_0009,1,0,406
telemetry_25,UAV_0009,2,0,406
telemetry_26,UAV_0009,2,0,406
telemetry_27,UAV_0009,406,406,406
telemetry_28,UAV_0009,1,0,406
telemetry_01,UAV_0010,1,0,481
telemetry_02,UAV_0010,1,0,481
telemetry_03,UAV_0010,110,472,481
telemetry_04,UAV_0010,2,0,481
telemetry_05,UAV_0010,1,0,481
telemetry_06,UAV_0010,1,0,481
telemetry_07,UAV_0010,434,472,481
telemetry_08,UAV_0010,481,481,481
telemetry_09,UAV_0010,1,0,481
telemetry_10,UAV_0010,1,0,481
telemetry_11,UAV_0010,1,0,481
telemetry_12,UAV_0010,2,0,481
telemetry_13,UAV_0010,1,0,481
telemetry_14,UAV_0010,481,481,481
telemetry_15,UAV_0010,1,0,481
telemetry_16,UAV_0010,6,16,481
telemetry_17,UAV_0010,110,472,481
telemetry_18,UAV_0010,1,0,481
telemetry_19,UAV_0010,1,0,481
telemetry_20,UAV_0010,481,481,481
telemetry_21,UAV_0010,2,0,481
telemetry_22,UAV_0010,1,0,481
telemetry_23,UAV_0010,1,0,481
telemetry_24,UAV_0010,1,0,481
telemetry_25,UAV_0010,2,0,481
telemetry_26,UAV_0010,2,0,481
telemetry_27,UAV_0010,481,481,481
telemetry_28,UAV_0010,1,0,481
telemetry_01,UAV_0011,1,0,197
telemetry_02,UAV_0011,1,0,197
telemetry_03,UAV_0011,132,195,197
telemetry_04,UAV_0011,3,0,197
telemetry_05,UAV_0011,1,0,197
telemetry_06,UAV_0011,1,0,197
telemetry_07,UAV_0011,162,194,197
telemetry_08,UAV_0011,197,197,197
telemetry_09,UAV_0011,1,0,197
telemetry_10,UAV_0011,1,0,197
telemetry_11,UAV_0011,1,0,197
telemetry_12,UAV_0011,2,0,197
telemetry_13,UAV_0011,1,0,197
telemetry_14,UAV_0011,197,197,197
telemetry_15,UAV_0011,1,0,197
telemetry_16,UAV_0011,5,10,197
telemetry_17,UAV_0011,132,195,197
telemetry_18,UAV_0011,1,0,197
telemetry_19,UAV_0011,1,0,197
telemetry_20,UAV_0011,197,197,197
telemetry_21,UAV_0011,3,0,197
telemetry_22,UAV_0011,1,0,197
telemetry_23,UAV_0011,1,0,197
telemetry_24,UAV_0011,1,0,197
telemetry_25,UAV_0011,2,0,197
telemetry_26,UAV_0011,2,0,197
telemetry_27,UAV_0011,197,197,197
telemetry_28,UAV_0011,1,0,197
telemetry_01,UAV_0012,1,0,170
telemetry_02,UAV_0012,1,0,170
telemetry_03,UAV_0012,96,168,170
telemetry_04,UAV_0012,2,0,170
telemetry_05,UAV_0012,1,0,170
telemetry_06,UAV_0012,1,0,170
telemetry_07,UAV_0012,170,170,170
telemetry_08,UAV_0012,170,170,170
telemetry_09,UAV_0012,1,0,170
telemetry_10,UAV_0012,1,0,170
telemetry_11,UAV_0012,1,0,170
telemetry_12,UAV_0012,2,0,170
telemetry_13,UAV_0012,1,0,170
telemetry_14,UAV_0012,170,170,170
telemetry_15,UAV_0012,1,0,170
telemetry_16,UAV_0012,7,23,170
telemetry_17,UAV_0012,96,168,170
telemetry_18,UAV_0012,1,0,170
telemetry_19,UAV_0012,1,0,170
telemetry_20,UAV_0012,170,170,170
telemetry_21,UAV_0012,3,0,170
telemetry_22,UAV_0012,1,0,170
telemetry_23,UAV_0012,1,0,170
telemetry_24,UAV_0012,1,0,170
telemetry_25,UAV_0012,2,0,170
telemetry_26,UAV_0012,2,0,170
telemetry_27,UAV_0012,170,170,170
telemetry_28,UAV_0012,1,0,170
telemetry_01,UAV_0013,1,0,185
telemetry_02,UAV_0013,1,0,185
telemetry_03,UAV_0013,99,177,185
telemetry_04,UAV_0013,2,0,185
telemetry_05,UAV_0013,1,0,185
telemetry_06,UAV_0013,1,0,185
telemetry_07,UAV_0013,185,185,185
telemetry_08,UAV_0013,185,185,185
telemetry_09,UAV_0013,1,0,185
telemetry_10,UAV_0013,1,0,185
telemetry_11,UAV_0013,1,0,185
telemetry_12,UAV_0013,2,0,185
telemetry_13,UAV_0013,1,0,185
telemetry_14,UAV_0013,185,185,185
telemetry_15,UAV_0013,1,0,185
telemetry_16,UAV_0013,5,5,185
telemetry_17,UAV_0013,99,177,185
telemetry_18,UAV_0013,1,0,185
telemetry_19,UAV_0013,1,0,185
telemetry_20,UAV_0013,185,185,185
telemetry_21,UAV_0013,3,0,185
telemetry_22,UAV_0013,1,0,185
telemetry_23,UAV_0013,1,0,185
telemetry_24,UAV_0013,1,0,185
telemetry_25,UAV_0013,2,0,185
telemetry_26,UAV_0013,2,0,185
telemetry_27,UAV_0013,185,185,185
telemetry_28,UAV_0013,1,0,185
telemetry_01,UAV_0014,1,0,207
telemetry_02,UAV_0014,1,0,207
telemetry_03,UAV_0014,131,205,207
telemetry_04,UAV_0014,2,0,207
telemetry_05,UAV_0014,1,0,207
telemetry_06,UAV_0014,1,0,207
telemetry_07,UAV_0014,207,207,207
telemetry_08,UAV_0014,207,207,207
telemetry_09,UAV_0014,1,0,207
telemetry_10,UAV_0014,1,0,207
telemetry_11,UAV_0014,1,0,207
telemetry_12,UAV_0014,2,0,207
telemetry_13,UAV_0014,1,0,207
telemetry_14,UAV_0014,207,207,207
telemetry_15,UAV_0014,1,0,207
telemetry_16,UAV_0014,8,13,207
telemetry_17,UAV_0014,131,205,207
telemetry_18,UAV_0014,1,0,207
telemetry_19,UAV_0014,1,0,207
telemetry_20,UAV_0014,207,207,207
telemetry_21,UAV_0014,4,0,207
telemetry_22,UAV_0014,1,0,207
telemetry_23,UAV_0014,1,0,207
telemetry_24,UAV_0014,1,0,207
telemetry_25,UAV_0014,2,0,207
telemetry_26,UAV_0014,1,0,207
telemetry_27,UAV_0014,207,207,207
telemetry_28,UAV_0014,1,0,207
telemetry_01,UAV_0015,1,0,202
telemetry_02,UAV_0015,1,0,202
telemetry_03,UAV_0015,82,198,202
telemetry_04,UAV_0015,2,0,202
telemetry_05,UAV_0015,1,0,202
telemetry_06,UAV_0015,1,0,202
telemetry_07,UAV_0015,202,202,202
telemetry_08,UAV_0015,202,202,202
telemetry_09,UAV_0015,1,0,202
telemetry_10,UAV_0015,1,0,202
telemetry_11,UAV_0015,1,0,202
telemetry_12,UAV_0015,3,0,202
telemetry_13,UAV_0015,1,0,202
telemetry_14,UAV_0015,202,202,202
telemetry_15,UAV_0015,1,0,202
telemetry_16,UAV_0015,5,5,202
telemetry_17,UAV_0015,82,198,202
telemetry_18,UAV_0015,1,0,202
telemetry_19,UAV_0015,1,0,202
telemetry_20,UAV_0015,202,202,202
telemetry_21,UAV_0015,4,0,202
telemetry_22,UAV_0015,1,0,202
telemetry_23,UAV_0015,1,0,202
telemetry_24,UAV_0015,1,0,202
telemetry_25,UAV_0015,2,0,202
telemetry_26,UAV_0015,2,0,202
telemetry_27,UAV_0015,202,202,202
telemetry_28,UAV_0015,1,0,202
telemetry_01,UAV_0016,1,0,344
telemetry_02,UAV_0016,1,0,344
telemetry_03,UAV_0016,76,334,344
telemetry_04,UAV_0016,2,0,344
telemetry_05,UAV_0016,1,0,344
telemetry_06,UAV_0016,1,0,344
telemetry_07,UAV_0016,198,310,344
telemetry_08,UAV_0016,344,344,344
telemetry_09,UAV_0016,1,0,344
telemetry_10,UAV_0016,1,0,344
telemetry_11,UAV_0016,1,0,344
telemetry_12,UAV_0016,2,0,344
telemetry_13,UAV_0016,1,0,344
telemetry_14,UAV_0016,344,344,344
telemetry_15,UAV_0016,1,0,344
telemetry_16,UAV_0016,5,10,344
telemetry_17,UAV_0016,76,334,344
telemetry_18,UAV_0016,1,0,344
telemetry_19,UAV_0016,1,0,344
telemetry_20,UAV_0016,344,344,344
telemetry_21,UAV_0016,3,0,344
telemetry_22,UAV_0016,1,0,344
telemetry_23,UAV_0016,1,0,344
telemetry_24,UAV_0016,1,0,344
telemetry_25,UAV_0016,2,0,344
telemetry_26,UAV_0016,2,0,344
telemetry_27,UAV_0016,344,344,344
telemetry_28,UAV_0016,1,0,344
telemetry_01,UAV_0017,1,0,312
telemetry_02,UAV_0017,1,0,312
telemetry_03,UAV_0017,112,305,312
telemetry_04,UAV_0017,2,0,312
telemetry_05,UAV_0017,1,0,312
telemetry_06,UAV_0017,1,0,312
telemetry_07,UAV_0017,255,299,312
telemetry_08,UAV_0017,312,312,312
telemetry_09,UAV_0017,1,0,312
telemetry_10,UAV_0017,1,0,312
telemetry_11,UAV_0017,1,0,312
telemetry_12,UAV_0017,3,0,312
telemetry_13,UAV_0017,1,0,312
telemetry_14,UAV_0017,312,312,312
telemetry_15,UAV_0017,1,0,312
telemetry_16,UAV_0017,8,18,312
telemetry_17,UAV_0017,112,305,312
telemetry_18,UAV_0017,1,0,312
telemetry_19,UAV_0017,1,0,312
telemetry_20,UAV_0017,312,312,312
telemetry_21,UAV_0017,4,0,312
telemetry_22,UAV_0017,1,0,312
telemetry_23,UAV_0017,1,0,312
telemetry_24,UAV_0017,1,0,312
telemetry_25,UAV_0017,3,0,312
telemetry_26,UAV_0017,2,0,312
telemetry_27,UAV_0017,312,312,312
telemetry_28,UAV_0017,1,0,312
telemetry_01,UAV_0018,1,0,447
telemetry_02,UAV_0018,1,0,447
telemetry_03,UAV_0018,144,440,447
telemetry_04,UAV_0018,2,0,447
telemetry_05,UAV_0018,1,0,447
telemetry_06,UAV_0018,1,0,447
telemetry_07,UAV_0018,316,431,447
telemetry_08,UAV_0018,447,447,447
telemetry_09,UAV_0018,1,0,447
telemetry_10,UAV_0018,1,0,447
telemetry_11,UAV_0018,1,0,447
telemetry_12,UAV_0018,2,0,447
telemetry_13,UAV_0018,1,0,447
telemetry_14,UAV_0018,447,447,447
telemetry_15,UAV_0018,1,0,447
telemetry_16,UAV_0018,4,0,447
telemetry_17,UAV_0018,144,440,447
telemetry_18,UAV_0018,1,0,447
telemetry_19,UAV_0018,1,0,447
telemetry_20,UAV_0018,447,447,447
telemetry_21,UAV_0018,3,0,447
telemetry_22,UAV_0018,1,0,447
telemetry_23,UAV_0018,1,0,447
telemetry_24,UAV_0018,1,0,447
telemetry_25,UAV_0018,2,0,447
telemetry_26,UAV_0018,2,0,447
telemetry_27,UAV_0018,447,447,447
telemetry_28,UAV_0018,1,0,447
telemetry_01,UAV_0019,1,0,229
telemetry_02,UAV_0019,1,0,229
telemetry_03,UAV_0019,150,225,229
telemetry_04,UAV_0019,2,0,229
telemetry_05,UAV_0019,1,0,229
telemetry_06,UAV_0019,1,0,229
telemetry_07,UAV_0019,101,190,229
telemetry_08,UAV_0019,229,229,229
telemetry_09,UAV_0019,1,0,229
telemetry_10,UAV_0019,1,0,229
telemetry_11,UAV_0019,1,0,229
telemetry_12,UAV_0019,2,0,229
telemetry_13,UAV_0019,1,0,229
telemetry_14,UAV_0019,229,229,229
telemetry_15,UAV_0019,1,0,229
telemetry_16,UAV_0019,5,10,229
telemetry_17,UAV_0019,150,225,229
telemetry_18,UAV_0019,1,0,229
telemetry_19,UAV_0019,1,0,229
telemetry_20,UAV_0019,229,229,229
telemetry_21,UAV_0019,4,0,229
telemetry_22,UAV_0019,1,0,229
telemetry_23,UAV_0019,1,0,229
telemetry_24,UAV_0019,1,0,229
telemetry_25,UAV_0019,2,0,229
telemetry_26,UAV_0019,2,0,229
telemetry_27,UAV_0019,229,229,229
telemetry_28,UAV_0019,1,0,229
telemetry_01,UAV_0020,1,0,338
telemetry_02,UAV_0020,1,0,338
telemetry_03,UAV_0020,89,327,338
telemetry_04,UAV_0020,2,0,338
telemetry_05,UAV_0020,1,0,338
telemetry_06,UAV_0020,2,0,338
telemetry_07,UAV_0020,241,308,338
telemetry_08,UAV_0020,338,338,338
telemetry_09,UAV_0020,1,0,338
telemetry_10,UAV_0020,1,0,338
telemetry_11,UAV_0020,1,0,338
telemetry_12,UAV_0020,2,0,338
telemetry_13,UAV_0020,1,0,338
telemetry_14,UAV_0020,338,338,338
telemetry_15,UAV_0020,1,0,338
telemetry_16,UAV_0020,6,6,338
telemetry_17,UAV_0020,89,327,338
telemetry_18,UAV_0020,1,0,338
telemetry_19,UAV_0020,1,0,338
telemetry_20,UAV_0020,338,338,338
telemetry_21,UAV_0020,3,0,338
telemetry_22,UAV_0020,1,0,338
telemetry_23,UAV_0020,1,0,338
telemetry_24,UAV_0020,1,0,338
telemetry_25,UAV_0020,3,0,338
telemetry_26,UAV_0020,2,0,338
telemetry_27,UAV_0020,338,338,338
telemetry_28,UAV_0020,1,0,338
telemetry_01,UAV_0021,1,0,220
telemetry_02,UAV_0021,1,0,220
telemetry_03,UAV_0021,210,219,220
telemetry_04,UAV_0021,2,0,220
telemetry_05,UAV_0021,1,0,220
telemetry_06,UAV_0021,1,0,220
telemetry_07,UAV_0021,167,209,220
telemetry_08,UAV_0021,220,220,220
telemetry_09,UAV_0021,1,0,220
telemetry_10,UAV_0021,1,0,220
telemetry_11,UAV_0021,1,0,220
telemetry_12,UAV_0021,2,0,220
telemetry_13,UAV_0021,1,0,220
telemetry_14,UAV_0021,220,220,220
telemetry_15,UAV_0021,1,0,220
telemetry_16,UAV_0021,6,27,220
telemetry_17,UAV_0021,210,219,220
telemetry_18,UAV_0021,1,0,220
telemetry_19,UAV_0021,1,0,220
telemetry_20,UAV_0021,220,220,220
telemetry_21,UAV_0021,4,0,220
telemetry_22,UAV_0021,1,0,220
telemetry_23,UAV_0021,1,0,220
telemetry_24,UAV_0021,1,0,220
telemetry_25,UAV_0021,2,0,220
telemetry_26,UAV_0021,2,0,220
telemetry_27,UAV_0021,220,220,220
telemetry_28,UAV_0021,1,0,220
telemetry_01,UAV_0022,1,0,192
telemetry_02,UAV_0022,1,0,192
telemetry_03,UAV_0022,61,176,192
telemetry_04,UAV_0022,2,0,192
telemetry_05,UAV_0022,1,0,192
telemetry_06,UAV_0022,2,0,192
telemetry_07,UAV_0022,192,192,192
telemetry_08,UAV_0022,192,192,192
telemetry_09,UAV_0022,1,0,192
telemetry_10,UAV_0022,1,0,192
telemetry_11,UAV_0022,1,0,192
telemetry_12,UAV_0022,2,0,192
telemetry_13,UAV_0022,1,0,192
telemetry_14,UAV_0022,192,192,192
telemetry_15,UAV_0022,2,0,192
telemetry_16,UAV_0022,4,0,192
telemetry_17,UAV_0022,61,176,192
telemetry_18,UAV_0022,1,0,192
telemetry_19,UAV_0022,1,0,192
telemetry_20,UAV_0022,192,192,192
telemetry_21,UAV_0022,3,0,192
telemetry_22,UAV_0022,1,0,192
telemetry_23,UAV_0022,1,0,192
telemetry_24,UAV_0022,1,0,192
telemetry_25,UAV_0022,2,0,192
telemetry_26,UAV_0022,1,0,192
telemetry_27,UAV_0022,192,192,192
telemetry_28,UAV_0022,1,0,192
telemetry_01,UAV_0023,1,0,196
telemetry_02,UAV_0023,1,0,196
telemetry_03,UAV_0023,77,193,196
telemetry_04,UAV_0023,2,0,196
telemetry_05,UAV_0023,1,0,196
telemetry_06,UAV_0023,1,0,196
telemetry_07,UAV_0023,196,196,196
telemetry_08,UAV_0023,196,196,196
telemetry_09,UAV_0023,1,0,196
telemetry_10,UAV_0023,1,0,196
telemetry_11,UAV_0023,1,0,196
telemetry_12,UAV_0023,2,0,196
telemetry_13,UAV_0023,1,0,196
telemetry_14,UAV_0023,196,196,196
telemetry_15,UAV_0023,1,0,196
telemetry_16,UAV_0023,5,5,196
telemetry_17,UAV_0023,77,193,196
telemetry_18,UAV_0023,1,0,196
telemetry_19,UAV_0023,1,0,196
telemetry_20,UAV_0023,196,196,196
telemetry_21,UAV_0023,3,0,196
telemetry_22,UAV_0023,1,0,196
telemetry_23,UAV_0023,1,0,196
telemetry_24,UAV_0023,1,0,196
telemetry_25,UAV_0023,2,0,196
telemetry_26,UAV_0023,2,0,196
telemetry_27,UAV_0023,196,196,196
telemetry_28,UAV_0023,1,0,196
telemetry_01,UAV_0024,1,0,494
telemetry_02,UAV_0024,1,0,494
telemetry_03,UAV_0024,92,481,494
telemetry_04,UAV_0024,3,0,494
telemetry_05,UAV_0024,1,0,494
telemetry_06,UAV_0024,1,0,494
telemetry_07,UAV_0024,397,475,494
telemetry_08,UAV_0024,494,494,494
telemetry_09,UAV_0024,1,0,494
telemetry_10,UAV_0024,1,0,494
telemetry_11,UAV_0024,1,0,494
telemetry_12,UAV_0024,2,0,494
telemetry_13,UAV_0024,1,0,494
telemetry_14,UAV_0024,494,494,494
telemetry_15,UAV_0024,1,0,494
telemetry_16,UAV_0024,6,39,494
telemetry_17,UAV_0024,92,481,494
telemetry_18,UAV_0024,1,0,494
telemetry_19,UAV_0024,1,0,494
telemetry_20,UAV_0024,494,494,494
telemetry_21,UAV_0024,2,0,494
telemetry_22,UAV_0024,1,0,494
telemetry_23,UAV_0024,1,0,494
telemetry_24,UAV_0024,1,0,494
telemetry_25,UAV_0024,3,0,494
telemetry_26,UAV_0024,2,0,494
telemetry_27,UAV_0024,494,494,494
telemetry_28,UAV_0024,1,0,494
telemetry_01,UAV_0025,1,0,193
telemetry_02,UAV_0025,1,0,193
telemetry_03,UAV_0025,106,191,193
telemetry_04,UAV_0025,2,0,193
telemetry_05,UAV_0025,1,0,193
telemetry_06,UAV_0025,1,0,193
telemetry_07,UAV_0025,193,193,193
telemetry_08,UAV_0025,193,193,193
telemetry_09,UAV_0025,1,0,193
telemetry_10,UAV_0025,1,0,193
telemetry_11,UAV_0025,2,0,193
telemetry_12,UAV_0025,2,0,193
telemetry_13,UAV_0025,1,0,193
telemetry_14,UAV_0025,193,193,193
telemetry_15,UAV_0025,1,0,193
telemetry_16,UAV_0025,5,10,193
telemetry_17,UAV_0025,106,191,193
telemetry_18,UAV_0025,1,0,193
telemetry_19,UAV_0025,1,0,193
telemetry_20,UAV_0025,193,193,193
telemetry_21,UAV_0025,3,0,193
telemetry_22,UAV_0025,1,0,193
telemetry_23,UAV_0025,1,0,193
telemetry_24,UAV_0025,1,0,193
telemetry_25,UAV_0025,3,0,193
telemetry_26,UAV_0025,2,0,193
telemetry_27,UAV_0025,193,193,193
telemetry_28,UAV_0025,1,0,193
telemetry_01,UAV_0026,1,0,243
telemetry_02,UAV_0026,1,0,243
telemetry_03,UAV_0026,138,240,243
telemetry_04,UAV_0026,2,0,243
telemetry_05,UAV_0026,1,0,243
telemetry_06,UAV_0026,1,0,243
telemetry_07,UAV_0026,243,243,243
telemetry_08,UAV_0026,243,243,243
telemetry_09,UAV_0026,1,0,243
telemetry_10,UAV_0026,1,0,243
telemetry_11,UAV_0026,1,0,243
telemetry_12,UAV_0026,3,0,243
telemetry_13,UAV_0026,1,0,243
telemetry_14,UAV_0026,243,243,243
telemetry_15,UAV_0026,1,0,243
telemetry_16,UAV_0026,5,10,243
telemetry_17,UAV_0026,138,240,243
telemetry_18,UAV_0026,1,0,243
telemetry_19,UAV_0026,1,0,243
telemetry_20,UAV_0026,243,243,243
telemetry_21,UAV_0026,4,0,243
telemetry_22,UAV_0026,1,0,243
telemetry_23,UAV_0026,1,0,243
telemetry_24,UAV_0026,1,0,243
telemetry_25,UAV_0026,2,0,243
telemetry_26,UAV_0026,2,0,243
telemetry_27,UAV_0026,243,243,243
telemetry_28,UAV_0026,1,0,243
telemetry_01,UAV_0027,1,0,320
telemetry_02,UAV_0027,1,0,320
telemetry_03,UAV_0027,181,313,320
telemetry_04,UAV_0027,2,0,320
telemetry_05,UAV_0027,1,0,320
telemetry_06,UAV_0027,2,0,320
telemetry_07,UAV_0027,108,301,320
telemetry_08,UAV_0027,320,320,320
telemetry_09,UAV_0027,1,0,320
telemetry_10,UAV_0027,1,0,320
telemetry_11,UAV_0027,1,0,320
telemetry_12,UAV_0027,2,0,320
telemetry_13,UAV_0027,1,0,320
telemetry_14,UAV_0027,320,320,320
telemetry_15,UAV_0027,1,0,320
telemetry_16,UAV_0027,6,17,320
telemetry_17,UAV_0027,181,313,320
telemetry_18,UAV_0027,1,0,320
telemetry_19,UAV_0027,1,0,320
telemetry_20,UAV_0027,320,320,320
telemetry_21,UAV_0027,3,0,320
telemetry_22,UAV_0027,1,0,320
telemetry_23,UAV_0027,1,0,320
telemetry_24,UAV_0027,1,0,320
telemetry_25,UAV_0027,2,0,320
telemetry_26,UAV_0027,2,0,320
telemetry_27,UAV_0027,320,320,320
telemetry_28,UAV_0027,1,0,320
telemetry_01,UAV_0028,1,0,200
telemetry_02,UAV_0028,1,0,200
telemetry_03,UAV_0028,136,196,200
telemetry_04,UAV_0028,2,0,200
telemetry_05,UAV_0028,1,0,200
telemetry_06,UAV_0028,1,0,200
telemetry_07,UAV_0028,200,200,200
telemetry_08,UAV_0028,200,200,200
telemetry_09,UAV_0028,1,0,200
telemetry_10,UAV_0028,1,0,200
telemetry_11,UAV_0028,1,0,200
telemetry_12,UAV_0028,2,0,200
telemetry_13,UAV_0028,1,0,200
telemetry_14,UAV_0028,200,200,200
telemetry_15,UAV_0028,1,0,200
telemetry_16,UAV_0028,4,0,200
telemetry_17,UAV_0028,136,196,200
telemetry_18,UAV_0028,1,0,200
telemetry_19,UAV_0028,1,0,200
telemetry_20,UAV_0028,200,200,200
telemetry_21,UAV_0028,4,0,200
telemetry_22,UAV_0028,2,0,200
telemetry_23,UAV_0028,1,0,200
telemetry_24,UAV_0028,1,0,200
telemetry_25,UAV_0028,3,0,200
telemetry_26,UAV_0028,2,0,200
telemetry_27,UAV_0028,200,200,200
telemetry_28,UAV_0028,1,0,200
telemetry_01,UAV_0029,1,0,223
telemetry_02,UAV_0029,1,0,223
telemetry_03,UAV_0029,62,219,223
telemetry_04,UAV_0029,2,0,223
telemetry_05,UAV_0029,1,0,223
telemetry_06,UAV_0029,1,0,223
telemetry_07,UAV_0029,223,223,223
telemetry_08,UAV_0029,223,223,223
telemetry_09,UAV_0029,1,0,223
telemetry_10,UAV_0029,1,0,223
telemetry_11,UAV_0029,1,0,223
telemetry_12,UAV_0029,2,0,223
telemetry_13,UAV_0029,1,0,223
telemetry_14,UAV_0029,223,223,223
telemetry_15,UAV_0029,1,0,223
telemetry_16,UAV_0029,7,17,223
telemetry_17,UAV_0029,62,219,223
telemetry_18,UAV_0029,1,0,223
telemetry_19,UAV_0029,1,0,223
telemetry_20,UAV_0029,223,223,223
telemetry_21,UAV_0029,3,0,223
telemetry_22,UAV_0029,1,0,223
telemetry_23,UAV_0029,1,0,223
telemetry_24,UAV_0029,1,0,223
telemetry_25,UAV_0029,2,0,223
telemetry_26,UAV_0029,2,0,223
telemetry_27,UAV_0029,223,223,223
telemetry_28,UAV_0029,1,0,223
telemetry_01,UAV_0030,1,0,218
telemetry_02,UAV_0030,1,0,218
telemetry_03,UAV_0030,97,215,218
telemetry_04,UAV_0030,2,0,218
telemetry_05,UAV_0030,1,0,218
telemetry_06,UAV_0030,1,0,218
telemetry_07,UAV_0030,218,218,218
telemetry_08,UAV_0030,218,218,218
telemetry_09,UAV_0030,1,0,218
telemetry_10,UAV_0030,1,0,218
telemetry_11,UAV_0030,1,0,218
telemetry_12,UAV_0030,2,0,218
telemetry_13,UAV_0030,1,0,218
telemetry_14,UAV_0030,218,218,218
telemetry_15,UAV_0030,1,0,218
telemetry_16,UAV_0030,5,15,218
telemetry_17,UAV_0030,97,215,218
telemetry_18,UAV_0030,1,0,218
telemetry_19,UAV_0030,1,0,218
telemetry_20,UAV_0030,218,218,218
telemetry_21,UAV_0030,3,0,218
telemetry_22,UAV_0030,1,0,218
telemetry_23,UAV_0030,1,0,218
telemetry_24,UAV_0030,1,0,218
telemetry_25,UAV_0030,3,0,218
telemetry_26,UAV_0030,2,0,218
telemetry_27,UAV_0030,218,218,218
telemetry_28,UAV_0030,1,0,218
telemetry_01,UAV_0031,1,0,183
telemetry_02,UAV_0031,1,0,183
telemetry_03,UAV_0031,174,182,183
telemetry_04,UAV_0031,2,0,183
telemetry_05,UAV_0031,1,0,183
telemetry_06,UAV_0031,1,0,183
telemetry_07,UAV_0031,183,183,183
telemetry_08,UAV_0031,183,183,183
telemetry_09,UAV_0031,1,0,183
telemetry_10,UAV_0031,1,0,183
telemetry_11,UAV_0031,1,0,183
telemetry_12,UAV_0031,2,0,183
telemetry_13,UAV_0031,1,0,183
telemetry_14,UAV_0031,183,183,183
telemetry_15,UAV_0031,1,0,183
telemetry_16,UAV_0031,7,17,183
telemetry_17,UAV_0031,174,182,183
telemetry_18,UAV_0031,1,0,183
telemetry_19,UAV_0031,1,0,183
telemetry_20,UAV_0031,183,183,183
telemetry_21,UAV_0031,4,0,183
telemetry_22,UAV_0031,1,0,183
telemetry_23,UAV_0031,1,0,183
telemetry_24,UAV_0031,1,0,183
telemetry_25,UAV_0031,3,0,183
telemetry_26,UAV_0031,1,0,183
telemetry_27,UAV_0031,183,183,183
telemetry_28,UAV_0031,1,0,183
telemetry_01,UAV_0032,1,0,189
telemetry_02,UAV_0032,1,0,189
telemetry_03,UAV_0032,119,187,189
telemetry_04,UAV_0032,2,0,189
telemetry_05,UAV_0032,1,0,189
telemetry_06,UAV_0032,1,0,189
telemetry_07,UAV_0032,189,189,189
telemetry_08,UAV_0032,189,189,189
telemetry_09,UAV_0032,1,0,189
telemetry_10,UAV_0032,1,0,189
telemetry_11,UAV_0032,1,0,189
telemetry_12,UAV_0032,2,0,189
telemetry_13,UAV_0032,1,0,189
telemetry_14,UAV_0032,189,189,189
telemetry_15,UAV_0032,1,0,189
telemetry_16,UAV_0032,6,6,189
telemetry_17,UAV_0032,119,187,189
telemetry_18,UAV_0032,1,0,189
telemetry_19,UAV_0032,1,0,189
telemetry_20,UAV_0032,189,189,189
telemetry_21,UAV_0032,4,0,189
telemetry_22,UAV_0032,1,0,189
telemetry_23,UAV_0032,1,0,189
telemetry_24,UAV_0032,1,0,189
telemetry_25,UAV_0032,2,0,189
telemetry_26,UAV_0032,2,0,189
telemetry_27,UAV_0032,189,189,189
telemetry_28,UAV_0032,1,0,189
telemetry_01,UAV_0033,1,0,231
telemetry_02,UAV_0033,1,0,231
telemetry_03,UAV_0033,143,229,231
telemetry_04,UAV_0033,2,0,231
telemetry_05,UAV_0033,1,0,231
telemetry_06,UAV_0033,1,0,231
telemetry_07,UAV_0033,175,216,231
telemetry_08,UAV_0033,231,231,231
telemetry_09,UAV_0033,1,0,231
telemetry_10,UAV_0033,1,0,231
telemetry_11,UAV_0033,1,0,231
telemetry_12,UAV_0033,2,0,231
telemetry_13,UAV_0033,1,0,231
telemetry_14,UAV_0033,231,231,231
telemetry_15,UAV_0033,1,0,231
telemetry_16,UAV_0033,7,23,231
telemetry_17,UAV_0033,143,229,231
telemetry_18,UAV_0033,1,0,231
telemetry_19,UAV_0033,1,0,231
telemetry_20,UAV_0033,231,231,231
telemetry_21,UAV_0033,3,0,231
telemetry_22,UAV_0033,2,0,231
telemetry_23,UAV_0033,1,0,231
telemetry_24,UAV_0033,1,0,231
telemetry_25,UAV_0033,2,0,231
telemetry_26,UAV_0033,2,0,231
telemetry_27,UAV_0033,231,231,231
telemetry_28,UAV_0033,1,0,231
telemetry_01,UAV_0034,1,0,459
telemetry_02,UAV_0034,1,0,459
telemetry_03,UAV_0034,186,453,459
telemetry_04,UAV_0034,2,0,459
telemetry_05,UAV_0034,1,0,459
telemetry_06,UAV_0034,1,0,459
telemetry_07,UAV_0034,351,437,459
telemetry_08,UAV_0034,459,459,459
telemetry_09,UAV_0034,1,0,459
telemetry_10,UAV_0034,1,0,459
telemetry_11,UAV_0034,1,0,459
telemetry_12,UAV_0034,2,0,459
telemetry_13,UAV_0034,1,0,459
telemetry_14,UAV_0034,459,459,459
telemetry_15,UAV_0034,1,0,459
telemetry_16,UAV_0034,6,22,459
telemetry_17,UAV_0034,186,453,459
telemetry_18,UAV_0034,1,0,459
telemetry_19,UAV_0034,1,0,459
telemetry_20,UAV_0034,459,459,459
telemetry_21,UAV_0034,3,0,459
telemetry_22,UAV_0034,1,0,459
telemetry_23,UAV_0034,1,0,459
telemetry_24,UAV_0034,1,0,459
telemetry_25,UAV_0034,2,0,459
telemetry_26,UAV_0034,2,0,459
telemetry_27,UAV_0034,459,459,459
telemetry_28,UAV_0034,1,0,459
telemetry_01,UAV_0035,1,0,231
telemetry_02,UAV_0035,1,0,231
telemetry_03,UAV_0035,104,226,231
telemetry_04,UAV_0035,2,0,231
telemetry_05,UAV_0035,1,0,231
telemetry_06,UAV_0035,1,0,231
telemetry_07,UAV_0035,231,231,231
telemetry_08,UAV_0035,6,6,231
telemetry_09,UAV_0035,1,0,231
telemetry_10,UAV_0035,1,0,231
telemetry_11,UAV_0035,2,0,231
telemetry_12,UAV_0035,2,0,231
telemetry_13,UAV_0035,1,0,231
telemetry_14,UAV_0035,10,65,231
telemetry_15,UAV_0035,1,0,231
telemetry_16,UAV_0035,6,11,231
telemetry_17,UAV_0035,104,226,231
telemetry_18,UAV_0035,1,0,231
telemetry_19,UAV_0035,1,0,231
telemetry_20,UAV_0035,231,231,231
telemetry_21,UAV_0035,3,0,231
telemetry_22,UAV_0035,1,0,231
telemetry_23,UAV_0035,1,0,231
telemetry_24,UAV_0035,1,0,231
telemetry_25,UAV_0035,3,0,231
telemetry_26,UAV_0035,1,0,231
telemetry_27,UAV_0035,231,231,231
telemetry_28,UAV_0035,1,0,231
telemetry_01,UAV_0036,1,0,324
telemetry_02,UAV_0036,1,0,324
telemetry_03,UAV_0036,189,322,324
telemetry_04,UAV_0036,2,0,324
telemetry_05,UAV_0036,1,0,324
telemetry_06,UAV_0036,1,0,324
telemetry_07,UAV_0036,324,324,324
telemetry_08,UAV_0036,324,324,324
telemetry_09,UAV_0036,1,0,324
telemetry_10,UAV_0036,1,0,324
telemetry_11,UAV_0036,2,0,324
telemetry_12,UAV_0036,2,0,324
telemetry_13,UAV_0036,1,0,324
telemetry_14,UAV_0036,324,324,324
telemetry_15,UAV_0036,1,0,324
telemetry_16,UAV_0036,5,15,324
telemetry_17,UAV_0036,189,322,324
telemetry_18,UAV_0036,1,0,324
telemetry_19,UAV_0036,1,0,324
telemetry_20,UAV_0036,324,324,324
telemetry_21,UAV_0036,3,0,324
telemetry_22,UAV_0036,1,0,324
telemetry_23,UAV_0036,1,0,324
telemetry_24,UAV_0036,1,0,324
telemetry_25,UAV_0036,2,0,324
telemetry_26,UAV_0036,2,0,324
telemetry_27,UAV_0036,324,324,324
telemetry_28,UAV_0036,1,0,324
telemetry_01,UAV_0037,1,0,324
telemetry_02,UAV_0037,1,0,324
telemetry_03,UAV_0037,163,318,324
telemetry_04,UAV_0037,2,0,324
telemetry_05,UAV_0037,1,0,324
telemetry_06,UAV_0037,2,0,324
telemetry_07,UAV_0037,264,316,324
telemetry_08,UAV_0037,324,324,324
telemetry_09,UAV_0037,1,0,324
telemetry_10,UAV_0037,1,0,324
telemetry_11,UAV_0037,1,0,324
telemetry_12,UAV_0037,2,0,324
telemetry_13,UAV_0037,1,0,324
telemetry_14,UAV_0037,324,324,324
telemetry_15,UAV_0037,1,0,324
telemetry_16,UAV_0037,6,6,324
telemetry_17,UAV_0037,163,318,324
telemetry_18,UAV_0037,1,0,324
telemetry_19,UAV_0037,1,0,324
telemetry_20,UAV_0037,324,324,324
telemetry_21,UAV_0037,3,0,324
telemetry_22,UAV_0037,1,0,324
telemetry_23,UAV_0037,1,0,324
telemetry_24,UAV_0037,1,0,324
telemetry_25,UAV_0037,2,0,324
telemetry_26,UAV_0037,2,0,324
telemetry_27,UAV_0037,324,324,324
telemetry_28,UAV_0037,1,0,324
telemetry_01,UAV_0038,1,0,201
telemetry_02,UAV_0038,1,0,201
telemetry_03,UAV_0038,63,196,201
telemetry_04,UAV_0038,1,0,201
telemetry_05,UAV_0038,1,0,201
telemetry_06,UAV_0038,1,0,201
telemetry_07,UAV_0038,145,181,201
telemetry_08,UAV_0038,201,201,201
telemetry_09,UAV_0038,1,0,201
telemetry_10,UAV_0038,1,0,201
telemetry_11,UAV_0038,1,0,201
telemetry_12,UAV_0038,2,0,201
telemetry_13,UAV_0038,1,0,201
telemetry_14,UAV_0038,201,201,201
telemetry_15,UAV_0038,1,0,201
telemetry_16,UAV_0038,5,5,201
telemetry_17,UAV_0038,63,196,201
telemetry_18,UAV_0038,1,0,201
telemetry_19,UAV_0038,1,0,201
telemetry_20,UAV_0038,201,201,201
telemetry_21,UAV_0038,3,0,201
telemetry_22,UAV_0038,2,0,201
telemetry_23,UAV_0038,1,0,201
telemetry_24,UAV_0038,1,0,201
telemetry_25,UAV_0038,2,0,201
telemetry_26,UAV_0038,1,0,201
telemetry_27,UAV_0038,201,201,201
telemetry_28,UAV_0038,1,0,201
telemetry_01,UAV_0039,1,0,288
telemetry_02,UAV_0039,1,0,288
telemetry_03,UAV_0039,76,279,288
telemetry_04,UAV_0039,2,0,288
telemetry_05,UAV_0039,1,0,288
telemetry_06,UAV_0039,1,0,288
telemetry_07,UAV_0039,214,272,288
telemetry_08,UAV_0039,288,288,288
telemetry_09,UAV_0039,1,0,288
telemetry_10,UAV_0039,1,0,288
telemetry_11,UAV_0039,1,0,288
telemetry_12,UAV_0039,2,0,288
telemetry_13,UAV_0039,1,0,288
telemetry_14,UAV_0039,288,288,288
telemetry_15,UAV_0039,1,0,288
telemetry_16,UAV_0039,7,24,288
telemetry_17,UAV_0039,76,279,288
telemetry_18,UAV_0039,1,0,288
telemetry_19,UAV_0039,1,0,288
telemetry_20,UAV_0039,288,288,288
telemetry_21,UAV_0039,3,0,288
telemetry_22,UAV_0039,1,0,288
telemetry_23,UAV_0039,1,0,288
telemetry_24,UAV_0039,1,0,288
telemetry_25,UAV_0039,2,0,288
telemetry_26,UAV_0039,2,0,288
telemetry_27,UAV_0039,288,288,288
telemetry_28,UAV_0039,1,0,288
telemetry_01,UAV_0040,1,0,188
telemetry_02,UAV_0040,1,0,188
telemetry_03,UAV_0040,82,186,188
telemetry_04,UAV_0040,2,0,188
telemetry_05,UAV_0040,1,0,188
telemetry_06,UAV_0040,1,0,188
telemetry_07,UAV_0040,188,188,188
telemetry_08,UAV_0040,188,188,188
telemetry_09,UAV_0040,1,0,188
telemetry_10,UAV_0040,1,0,188
telemetry_11,UAV_0040,1,0,188
telemetry_12,UAV_0040,2,0,188
telemetry_13,UAV_0040,1,0,188
telemetry_14,UAV_0040,188,188,188
telemetry_15,UAV_0040,1,0,188
telemetry_16,UAV_0040,6,16,188
telemetry_17,UAV_0040,82,186,188
telemetry_18,UAV_0040,1,0,188
telemetry_19,UAV_0040,1,0,188
telemetry_20,UAV_0040,188,188,188
telemetry_21,UAV_0040,2,0,188
telemetry_22,UAV_0040,1,0,188
telemetry_23,UAV_0040,1,0,188
telemetry_24,UAV_0040,1,0,188
telemetry_25,UAV_0040,2,0,188
telemetry_26,UAV_0040,1,0,188
telemetry_27,UAV_0040,188,188,188
telemetry_28,UAV_0040,1,0,188
telemetry_01,UAV_0041,1,0,295
telemetry_02,UAV_0041,1,0,295
telemetry_03,UAV_0041,109,283,295
telemetry_04,UAV_0041,3,0,295
telemetry_05,UAV_0041,1,0,295
telemetry_06,UAV_0041,1,0,295
telemetry_07,UAV_0041,200,271,295
telemetry_08,UAV_0041,295,295,295
telemetry_09,UAV_0041,1,0,295
telemetry_10,UAV_0041,1,0,295
telemetry_11,UAV_0041,1,0,295
telemetry_12,UAV_0041,2,0,295
telemetry_13,UAV_0041,1,0,295
telemetry_14,UAV_0041,295,295,295
telemetry_15,UAV_0041,1,0,295
telemetry_16,UAV_0041,7,18,295
telemetry_17,UAV_0041,109,283,295
telemetry_18,UAV_0041,1,0,295
telemetry_19,UAV_0041,1,0,295
telemetry_20,UAV_0041,295,295,295
telemetry_21,UAV_0041,3,0,295
telemetry_22,UAV_0041,1,0,295
telemetry_23,UAV_0041,1,0,295
telemetry_24,UAV_0041,1,0,295
telemetry_25,UAV_0041,3,0,295
telemetry_26,UAV_0041,2,0,295
telemetry_27,UAV_0041,295,295,295
telemetry_28,UAV_0041,1,0,295
telemetry_01,UAV_0042,1,0,193
telemetry_02,UAV_0042,1,0,193
telemetry_03,UAV_0042,88,189,193
telemetry_04,UAV_0042,2,0,193
telemetry_05,UAV_0042,1,0,193
telemetry_06,UAV_0042,1,0,193
telemetry_07,UAV_0042,160,186,193
telemetry_08,UAV_0042,193,193,193
telemetry_09,UAV_0042,1,0,193
telemetry_10,UAV_0042,1,0,193
telemetry_11,UAV_0042,1,0,193
telemetry_12,UAV_0042,2,0,193
telemetry_13,UAV_0042,1,0,193
telemetry_14,UAV_0042,193,193,193
telemetry_15,UAV_0042,1,0,193
telemetry_16,UAV_0042,8,14,193
telemetry_17,UAV_0042,88,189,193
telemetry_18,UAV_0042,1,0,193
telemetry_19,UAV_0042,1,0,193
telemetry_20,UAV_0042,193,193,193
telemetry_21,UAV_0042,3,0,193
telemetry_22,UAV_0042,1,0,193
telemetry_23,UAV_0042,1,0,193
telemetry_24,UAV_0042,1,0,193
telemetry_25,UAV_0042,2,0,193
telemetry_26,UAV_0042,2,0,193
telemetry_27,UAV_0042,193,193,193
telemetry_28,UAV_0042,1,0,193
telemetry_01,UAV_0043,1,0,321
telemetry_02,UAV_0043,1,0,321
telemetry_03,UAV_0043,213,317,321
telemetry_04,UAV_0043,2,0,321
telemetry_05,UAV_0043,1,0,321
telemetry_06,UAV_0043,2,0,321
telemetry_07,UAV_0043,238,299,321
telemetry_08,UAV_0043,321,321,321
telemetry_09,UAV_0043,1,0,321
telemetry_10,UAV_0043,1,0,321
telemetry_11,UAV_0043,1,0,321
telemetry_12,UAV_0043,3,0,321
telemetry_13,UAV_0043,1,0,321
telemetry_14,UAV_0043,321,321,321
telemetry_15,UAV_0043,1,0,321
telemetry_16,UAV_0043,4,0,321
telemetry_17,UAV_0043,213,317,321
telemetry_18,UAV_0043,1,0,321
telemetry_19,UAV_0043,1,0,321
telemetry_20,UAV_0043,321,321,321
telemetry_21,UAV_0043,5,5,321
telemetry_22,UAV_0043,1,0,321
telemetry_23,UAV_0043,1,0,321
telemetry_24,UAV_0043,1,0,321
telemetry_25,UAV_0043,3,0,321
telemetry_26,UAV_0043,2,0,321
telemetry_27,UAV_0043,321,321,321
telemetry_28,UAV_0043,1,0,321
telemetry_01,UAV_0044,1,0,180
telemetry_02,UAV_0044,1,0,180
telemetry_03,UAV_0044,52,171,180
telemetry_04,UAV_0044,2,0,180
telemetry_05,UAV_0044,1,0,180
telemetry_06,UAV_0044,1,0,180
telemetry_07,UAV_0044,180,180,180
telemetry_08,UAV_0044,180,180,180
telemetry_09,UAV_0044,1,0,180
telemetry_10,UAV_0044,1,0,180
telemetry_11,UAV_0044,1,0,180
telemetry_12,UAV_0044,2,0,180
telemetry_13,UAV_0044,1,0,180
telemetry_14,UAV_0044,180,180,180
telemetry_15,UAV_0044,1,0,180
telemetry_16,UAV_0044,6,6,180
telemetry_17,UAV_0044,52,171,180
telemetry_18,UAV_0044,1,0,180
telemetry_19,UAV_0044,1,0,180
telemetry_20,UAV_0044,180,180,180
telemetry_21,UAV_0044,3,0,180
telemetry_22,UAV_0044,1,0,180
telemetry_23,UAV_0044,1,0,180
telemetry_24,UAV_0044,1,0,180
telemetry_25,UAV_0044,2,0,180
telemetry_26,UAV_0044,2,0,180
telemetry_27,UAV_0044,180,180,180
telemetry_28,UAV_0044,1,0,180
telemetry_01,UAV_0045,1,0,205
telemetry_02,UAV_0045,1,0,205
telemetry_03,UAV_0045,73,202,205
telemetry_04,UAV_0045,2,0,205
telemetry_05,UAV_0045,1,0,205
telemetry_06,UAV_0045,1,0,205
telemetry_07,UAV_0045,163,195,205
telemetry_08,UAV_0045,205,205,205
telemetry_09,UAV_0045,1,0,205
telemetry_10,UAV_0045,1,0,205
telemetry_11,UAV_0045,1,0,205
telemetry_12,UAV_0045,3,0,205
telemetry_13,UAV_0045,1,0,205
telemetry_14,UAV_0045,205,205,205
telemetry_15,UAV_0045,1,0,205
telemetry_16,UAV_0045,6,12,205
telemetry_17,UAV_0045,73,202,205
telemetry_18,UAV_0045,1,0,205
telemetry_19,UAV_0045,1,0,205
telemetry_20,UAV_0045,205,205,205
telemetry_21,UAV_0045,2,0,205
telemetry_22,UAV_0045,2,0,205
telemetry_23,UAV_0045,1,0,205
telemetry_24,UAV_0045,1,0,205
telemetry_25,UAV_0045,2,0,205
telemetry_26,UAV_0045,2,0,205
telemetry_27,UAV_0045,205,205,205
telemetry_28,UAV_0045,1,0,205
telemetry_01,UAV_0046,1,0,204
telemetry_02,UAV_0046,1,0,204
telemetry_03,UAV_0046,63,200,204
telemetry_04,UAV_0046,2,0,204
telemetry_05,UAV_0046,1,0,204
telemetry_06,UAV_0046,1,0,204
telemetry_07,UAV_0046,162,193,204
telemetry_08,UAV_0046,204,204,204
telemetry_09,UAV_0046,1,0,204
telemetry_10,UAV_0046,1,0,204
telemetry_11,UAV_0046,1,0,204
telemetry_12,UAV_0046,2,0,204
telemetry_13,UAV_0046,1,0,204
telemetry_14,UAV_0046,204,204,204
telemetry_15,UAV_0046,1,0,204
telemetry_16,UAV_0046,5,20,204
telemetry_17,UAV_0046,63,200,204
telemetry_18,UAV_0046,1,0,204
telemetry_19,UAV_0046,1,0,204
telemetry_20,UAV_0046,204,204,204
telemetry_21,UAV_0046,3,0,204
telemetry_22,UAV_0046,1,0,204
telemetry_23,UAV_0046,1,0,204
telemetry_24,UAV_0046,1,0,204
telemetry_25,UAV_0046,2,0,204
telemetry_26,UAV_0046,2,0,204
telemetry_27,UAV_0046,204,204,204
telemetry_28,UAV_0046,1,0,204
telemetry_01,UAV_0047,1,0,269
telemetry_02,UAV_0047,1,0,269
telemetry_03,UAV_0047,196,260,269
telemetry_04,UAV_0047,2,0,269
telemetry_05,UAV_0047,1,0,269
telemetry_06,UAV_0047,1,0,269
telemetry_07,UAV_0047,269,269,269
telemetry_08,UAV_0047,269,269,269
telemetry_09,UAV_0047,1,0,269
telemetry_10,UAV_0047,1,0,269
telemetry_11,UAV_0047,1,0,269
telemetry_12,UAV_0047,2,0,269
telemetry_13,UAV_0047,1,0,269
telemetry_14,UAV_0047,269,269,269
telemetry_15,UAV_0047,1,0,269
telemetry_16,UAV_0047,5,10,269
telemetry_17,UAV_0047,196,260,269
telemetry_18,UAV_0047,1,0,269
telemetry_19,UAV_0047,1,0,269
telemetry_20,UAV_0047,269,269,269
telemetry_21,UAV_0047,3,0,269
telemetry_22,UAV_0047,1,0,269
telemetry_23,UAV_0047,1,0,269
telemetry_24,UAV_0047,1,0,269
telemetry_25,UAV_0047,2,0,269
telemetry_26,UAV_0047,2,0,269
telemetry_27,UAV_0047,269,269,269
telemetry_28,UAV_0047,1,0,269
telemetry_01,UAV_0048,1,0,174
telemetry_02,UAV_0048,1,0,174
telemetry_03,UAV_0048,84,170,174
telemetry_04,UAV_0048,2,0,174
telemetry_05,UAV_0048,1,0,174
telemetry_06,UAV_0048,1,0,174
telemetry_07,UAV_0048,174,174,174
telemetry_08,UAV_0048,174,174,174
telemetry_09,UAV_0048,1,0,174
telemetry_10,UAV_0048,1,0,174
telemetry_11,UAV_0048,1,0,174
telemetry_12,UAV_0048,2,0,174
telemetry_13,UAV_0048,1,0,174
telemetry_14,UAV_0048,174,174,174
telemetry_15,UAV_0048,2,0,174
telemetry_16,UAV_0048,5,10,174
telemetry_17,UAV_0048,84,170,174
telemetry_18,UAV_0048,1,0,174
telemetry_19,UAV_0048,1,0,174
telemetry_20,UAV_0048,174,174,174
telemetry_21,UAV_0048,3,0,174
telemetry_22,UAV_0048,1,0,174
telemetry_23,UAV_0048,1,0,174
telemetry_24,UAV_0048,1,0,174
telemetry_25,UAV_0048,2,0,174
telemetry_26,UAV_0048,2,0,174
telemetry_27,UAV_0048,174,174,174
telemetry_28,UAV_0048,1,0,174
telemetry_01,UAV_0049,1,0,256
telemetry_02,UAV_0049,1,0,256
telemetry_03,UAV_0049,101,254,256
telemetry_04,UAV_0049,2,0,256
telemetry_05,UAV_0049,1,0,256
telemetry_06,UAV_0049,1,0,256
telemetry_07,UAV_0049,180,237,256
telemetry_08,UAV_0049,256,256,256
telemetry_09,UAV_0049,1,0,256
telemetry_10,UAV_0049,1,0,256
telemetry_11,UAV_0049,1,0,256
telemetry_12,UAV_0049,2,0,256
telemetry_13,UAV_0049,1,0,256
telemetry_14,UAV_0049,256,256,256
telemetry_15,UAV_0049,1,0,256
telemetry_16,UAV_0049,6,21,256
telemetry_17,UAV_0049,101,254,256
telemetry_18,UAV_0049,1,0,256
telemetry_19,UAV_0049,1,0,256
telemetry_20,UAV_0049,256,256,256
telemetry_21,UAV_0049,3,0,256
telemetry_22,UAV_0049,1,0,256
telemetry_23,UAV_0049,1,0,256
telemetry_24,UAV_0049,1,0,256
telemetry_25,UAV_0049,2,0,256
telemetry_26,UAV_0049,2,0,256
telemetry_27,UAV_0049,256,256,256
telemetry_28,UAV_0049,1,0,256
telemetry_01,UAV_0050,1,0,161
telemetry_02,UAV_0050,1,0,161
telemetry_03,UAV_0050,93,159,161
telemetry_04,UAV_0050,2,0,161
telemetry_05,UAV_0050,1,0,161
telemetry_06,UAV_0050,2,0,161
telemetry_07,UAV_0050,161,161,161
telemetry_08,UAV_0050,161,161,161
telemetry_09,UAV_0050,1,0,161
telemetry_10,UAV_0050,1,0,161
telemetry_11,UAV_0050,1,0,161
telemetry_12,UAV_0050,2,0,161
telemetry_13,UAV_0050,1,0,161
telemetry_14,UAV_0050,161,161,161
telemetry_15,UAV_0050,1,0,161
telemetry_16,UAV_0050,6,6,161
telemetry_17,UAV_0050,93,159,161
telemetry_18,UAV_0050,1,0,161
telemetry_19,UAV_0050,1,0,161
telemetry_20,UAV_0050,161,161,161
telemetry_21,UAV_0050,2,0,161
telemetry_22,UAV_0050,2,0,161
telemetry_23,UAV_0050,1,0,161
telemetry_24,UAV_0050,1,0,161
telemetry_25,UAV_0050,2,0,161
telemetry_26,UAV_0050,2,0,161
telemetry_27,UAV_0050,161,161,161
telemetry_28,UAV_0050,1,0,161
telemetry_01,UAV_0051,1,0,190
telemetry_02,UAV_0051,1,0,190
telemetry_03,UAV_0051,90,185,190
telemetry_04,UAV_0051,2,0,190
telemetry_05,UAV_0051,1,0,190
telemetry_06,UAV_0051,1,0,190
telemetry_07,UAV_0051,190,190,190
telemetry_08,UAV_0051,190,190,190
telemetry_09,UAV_0051,1,0,190
telemetry_10,UAV_0051,1,0,190
telemetry_11,UAV_0051,1,0,190
telemetry_12,UAV_0051,3,0,190
telemetry_13,UAV_0051,1,0,190
telemetry_14,UAV_0051,190,190,190
telemetry_15,UAV_0051,2,0,190
telemetry_16,UAV_0051,6,6,190
telemetry_17,UAV_0051,90,185,190
telemetry_18,UAV_0051,1,0,190
telemetry_19,UAV_0051,1,0,190
telemetry_20,UAV_0051,190,190,190
telemetry_21,UAV_0051,2,0,190
telemetry_22,UAV_0051,1,0,190
telemetry_23,UAV_0051,1,0,190
telemetry_24,UAV_0051,1,0,190
telemetry_25,UAV_0051,2,0,190
telemetry_26,UAV_0051,2,0,190
telemetry_27,UAV_0051,190,190,190
telemetry_28,UAV_0051,1,0,190
telemetry_01,UAV_0052,1,0,222
telemetry_02,UAV_0052,1,0,222
telemetry_03,UAV_0052,119,221,222
telemetry_04,UAV_0052,2,0,222
telemetry_05,UAV_0052,1,0,222
telemetry_06,UAV_0052,1,0,222
telemetry_07,UAV_0052,222,222,222
telemetry_08,UAV_0052,222,222,222
telemetry_09,UAV_0052,1,0,222
telemetry_10,UAV_0052,1,0,222
telemetry_11,UAV_0052,2,0,222
telemetry_12,UAV_0052,2,0,222
telemetry_13,UAV_0052,1,0,222
telemetry_14,UAV_0052,222,222,222
telemetry_15,UAV_0052,1,0,222
telemetry_16,UAV_0052,5,5,222
telemetry_17,UAV_0052,119,221,222
telemetry_18,UAV_0052,1,0,222
telemetry_19,UAV_0052,1,0,222
telemetry_20,UAV_0052,222,222,222
telemetry_21,UAV_0052,3,0,222
telemetry_22,UAV_0052,1,0,222
telemetry_23,UAV_0052,1,0,222
telemetry_24,UAV_0052,1,0,222
telemetry_25,UAV_0052,2,0,222
telemetry_26,UAV_0052,2,0,222
telemetry_27,UAV_0052,222,222,222
telemetry_28,UAV_0052,1,0,222
telemetry_01,UAV_0053,1,0,164
telemetry_02,UAV_0053,1,0,164
telemetry_03,UAV_0053,94,159,164
telemetry_04,UAV_0053,2,0,164
telemetry_05,UAV_0053,1,0,164
telemetry_06,UAV_0053,1,0,164
telemetry_07,UAV_0053,164,164,164
telemetry_08,UAV_0053,164,164,164
telemetry_09,UAV_0053,1,0,164
telemetry_10,UAV_0053,1,0,164
telemetry_11,UAV_0053,1,0,164
telemetry_12,UAV_0053,2,0,164
telemetry_13,UAV_0053,1,0,164
telemetry_14,UAV_0053,164,164,164
telemetry_15,UAV_0053,2,0,164
telemetry_16,UAV_0053,6,11,164
telemetry_17,UAV_0053,94,159,164
telemetry_18,UAV_0053,1,0,164
telemetry_19,UAV_0053,1,0,164
telemetry_20,UAV_0053,164,164,164
telemetry_21,UAV_0053,3,0,164
telemetry_22,UAV_0053,1,0,164
telemetry_23,UAV_0053,1,0,164
telemetry_24,UAV_0053,1,0,164
telemetry_25,UAV_0053,2,0,164
telemetry_26,UAV_0053,2,0,164
telemetry_27,UAV_0053,164,164,164
telemetry_28,UAV_0053,1,0,164
telemetry_01,UAV_0054,1,0,194
telemetry_02,UAV_0054,1,0,194
telemetry_03,UAV_0054,105,191,194
telemetry_04,UAV_0054,2,0,194
telemetry_05,UAV_0054,1,0,194
telemetry_06,UAV_0054,1,0,194
telemetry_07,UAV_0054,194,194,194
telemetry_08,UAV_0054,194,194,194
telemetry_09,UAV_0054,1,0,194
telemetry_10,UAV_0054,1,0,194
telemetry_11,UAV_0054,1,0,194
telemetry_12,UAV_0054,3,0,194
telemetry_13,UAV_0054,1,0,194
telemetry_14,UAV_0054,194,194,194
telemetry_15,UAV_0054,1,0,194
telemetry_16,UAV_0054,5,10,194
telemetry_17,UAV_0054,105,191,194
telemetry_18,UAV_0054,1,0,194
telemetry_19,UAV_0054,1,0,194
telemetry_20,UAV_0054,194,194,194
telemetry_21,UAV_0054,3,0,194
telemetry_22,UAV_0054,1,0,194
telemetry_23,UAV_0054,1,0,194
telemetry_24,UAV_0054,1,0,194
telemetry_25,UAV_0054,2,0,194
telemetry_26,UAV_0054,2,0,194
telemetry_27,UAV_0054,194,194,194
telemetry_28,UAV_0054,1,0,194
telemetry_01,UAV_0055,1,0,525
telemetry_02,UAV_0055,1,0,525
telemetry_03,UAV_0055,105,515,525
telemetry_04,UAV_0055,2,0,525
telemetry_05,UAV_0055,1,0,525
telemetry_06,UAV_0055,1,0,525
telemetry_07,UAV_0055,276,500,525
telemetry_08,UAV_0055,525,525,525
telemetry_09,UAV_0055,1,0,525
telemetry_10,UAV_0055,1,0,525
telemetry_11,UAV_0055,2,0,525
telemetry_12,UAV_0055,2,0,525
telemetry_13,UAV_0055,1,0,525
telemetry_14,UAV_0055,525,525,525
telemetry_15,UAV_0055,1,0,525
telemetry_16,UAV_0055,6,17,525
telemetry_17,UAV_0055,105,515,525
telemetry_18,UAV_0055,1,0,525
telemetry_19,UAV_0055,1,0,525
telemetry_20,UAV_0055,525,525,525
telemetry_21,UAV_0055,3,0,525
telemetry_22,UAV_0055,1,0,525
telemetry_23,UAV_0055,1,0,525
telemetry_24,UAV_0055,1,0,525
telemetry_25,UAV_0055,2,0,525
telemetry_26,UAV_0055,2,0,525
telemetry_27,UAV_0055,525,525,525
telemetry_28,UAV_0055,1,0,525
telemetry_01,UAV_0056,1,0,195
telemetry_02,UAV_0056,1,0,195
telemetry_03,UAV_0056,158,193,195
telemetry_04,UAV_0056,2,0,195
telemetry_05,UAV_0056,1,0,195
telemetry_06,UAV_0056,1,0,195
telemetry_07,UAV_0056,195,195,195
telemetry_08,UAV_0056,195,195,195
telemetry_09,UAV_0056,1,0,195
telemetry_10,UAV_0056,1,0,195
telemetry_11,UAV_0056,2,0,195
telemetry_12,UAV_0056,2,0,195
telemetry_13,UAV_0056,1,0,195
telemetry_14,UAV_0056,195,195,195
telemetry_15,UAV_0056,1,0,195
telemetry_16,UAV_0056,5,5,195
telemetry_17,UAV_0056,158,193,195
telemetry_18,UAV_0056,1,0,195
telemetry_19,UAV_0056,1,0,195
telemetry_20,UAV_0056,195,195,195
telemetry_21,UAV_0056,4,0,195
telemetry_22,UAV_0056,1,0,195
telemetry_23,UAV_0056,1,0,195
telemetry_24,UAV_0056,1,0,195
telemetry_25,UAV_0056,2,0,195
telemetry_26,UAV_0056,2,0,195
telemetry_27,UAV_0056,195,195,195
telemetry_28,UAV_0056,1,0,195
telemetry_01,UAV_0057,1,0,215
telemetry_02,UAV_0057,1,0,215
telemetry_03,UAV_0057,133,212,215
telemetry_04,UAV_0057,2,0,215
telemetry_05,UAV_0057,1,0,215
telemetry_06,UAV_0057,1,0,215
telemetry_07,UAV_0057,124,183,215
telemetry_08,UAV_0057,215,215,215
telemetry_09,UAV_0057,1,0,215
telemetry_10,UAV_0057,1,0,215
telemetry_11,UAV_0057,1,0,215
telemetry_12,UAV_0057,2,0,215
telemetry_13,UAV_0057,1,0,215
telemetry_14,UAV_0057,215,215,215
telemetry_15,UAV_0057,1,0,215
telemetry_16,UAV_0057,7,22,215
telemetry_17,UAV_0057,133,212,215
telemetry_18,UAV_0057,1,0,215
telemetry_19,UAV_0057,1,0,215
telemetry_20,UAV_0057,215,215,215
telemetry_21,UAV_0057,3,0,215
telemetry_22,UAV_0057,1,0,215
telemetry_23,UAV_0057,1,0,215
telemetry_24,UAV_0057,1,0,215
telemetry_25,UAV_0057,2,0,215
telemetry_26,UAV_0057,1,0,215
telemetry_27,UAV_0057,215,215,215
telemetry_28,UAV_0057,1,0,215
telemetry_01,UAV_0058,1,0,178
telemetry_02,UAV_0058,1,0,178
telemetry_03,UAV_0058,106,170,178
telemetry_04,UAV_0058,2,0,178
telemetry_05,UAV_0058,1,0,178
telemetry_06,UAV_0058,1,0,178
telemetry_07,UAV_0058,178,178,178
telemetry_08,UAV_0058,178,178,178
telemetry_09,UAV_0058,1,0,178
telemetry_10,UAV_0058,1,0,178
telemetry_11,UAV_0058,1,0,178
telemetry_12,UAV_0058,2,0,178
telemetry_13,UAV_0058,1,0,178
telemetry_14,UAV_0058,178,178,178
telemetry_15,UAV_0058,1,0,178
telemetry_16,UAV_0058,5,5,178
telemetry_17,UAV_0058,106,170,178
telemetry_18,UAV_0058,1,0,178
telemetry_19,UAV_0058,1,0,178
telemetry_20,UAV_0058,178,178,178
telemetry_21,UAV_0058,3,0,178
telemetry_22,UAV_0058,1,0,178
telemetry_23,UAV_0058,1,0,178
telemetry_24,UAV_0058,1,0,178
telemetry_25,UAV_0058,2,0,178
telemetry_26,UAV_0058,1,0,178
telemetry_27,UAV_0058,178,178,178
telemetry_28,UAV_0058,1,0,178
telemetry_01,UAV_0059,1,0,299
telemetry_02,UAV_0059,1,0,299
telemetry_03,UAV_0059,102,294,299
telemetry_04,UAV_0059,2,0,299
telemetry_05,UAV_0059,1,0,299
telemetry_06,UAV_0059,1,0,299
telemetry_07,UAV_0059,126,284,299
telemetry_08,UAV_0059,299,299,299
telemetry_09,UAV_0059,1,0,299
telemetry_10,UAV_0059,1,0,299
telemetry_11,UAV_0059,2,0,299
telemetry_12,UAV_0059,2,0,299
telemetry_13,UAV_0059,1,0,299
telemetry_14,UAV_0059,299,299,299
telemetry_15,UAV_0059,1,0,299
telemetry_16,UAV_0059,6,21,299
telemetry_17,UAV_0059,102,294,299
telemetry_18,UAV_0059,1,0,299
telemetry_19,UAV_0059,1,0,299
telemetry_20,UAV_0059,299,299,299
telemetry_21,UAV_0059,4,0,299
telemetry_22,UAV_0059,1,0,299
telemetry_23,UAV_0059,1,0,299
telemetry_24,UAV_0059,1,0,299
telemetry_25,UAV_0059,2,0,299
telemetry_26,UAV_0059,2,0,299
telemetry_27,UAV_0059,299,299,299
telemetry_28,UAV_0059,1,0,299
telemetry_01,UAV_0060,1,0,190
telemetry_02,UAV_0060,1,0,190
telemetry_03,UAV_0060,70,188,190
telemetry_04,UAV_0060,2,0,190
telemetry_05,UAV_0060,1,0,190
telemetry_06,UAV_0060,2,0,190
telemetry_07,UAV_0060,146,184,190
telemetry_08,UAV_0060,190,190,190
telemetry_09,UAV_0060,1,0,190
telemetry_10,UAV_0060,1,0,190
telemetry_11,UAV_0060,1,0,190
telemetry_12,UAV_0060,2,0,190
telemetry_13,UAV_0060,1,0,190
telemetry_14,UAV_0060,190,190,190
telemetry_15,UAV_0060,1,0,190
telemetry_16,UAV_0060,6,12,190
telemetry_17,UAV_0060,70,188,190
telemetry_18,UAV_0060,1,0,190
telemetry_19,UAV_0060,1,0,190
telemetry_20,UAV_0060,190,190,190
telemetry_21,UAV_0060,3,0,190
telemetry_22,UAV_0060,1,0,190
telemetry_23,UAV_0060,1,0,190
telemetry_24,UAV_0060,1,0,190
telemetry_25,UAV_0060,2,0,190
telemetry_26,UAV_0060,2,0,190
telemetry_27,UAV_0060,190,190,190
telemetry_28,UAV_0060,1,0,190
telemetry_01,UAV_0061,1,0,199
telemetry_02,UAV_0061,1,0,199
telemetry_03,UAV_0061,76,197,199
telemetry_04,UAV_0061,2,0,199
telemetry_05,UAV_0061,1,0,199
telemetry_06,UAV_0061,1,0,199
telemetry_07,UAV_0061,199,199,199
telemetry_08,UAV_0061,199,199,199
telemetry_09,UAV_0061,1,0,199
telemetry_10,UAV_0061,1,0,199
telemetry_11,UAV_0061,1,0,199
telemetry_12,UAV_0061,2,0,199
telemetry_13,UAV_0061,1,0,199
telemetry_14,UAV_0061,199,199,199
telemetry_15,UAV_0061,2,0,199
telemetry_16,UAV_0061,4,0,199
telemetry_17,UAV_0061,76,197,199
telemetry_18,UAV_0061,1,0,199
telemetry_19,UAV_0061,1,0,199
telemetry_20,UAV_0061,199,199,199
telemetry_21,UAV_0061,3,0,199
telemetry_22,UAV_0061,1,0,199
telemetry_23,UAV_0061,1,0,199
telemetry_24,UAV_0061,1,0,199
telemetry_25,UAV_0061,3,0,199
telemetry_26,UAV_0061,2,0,199
telemetry_27,UAV_0061,199,199,199
telemetry_28,UAV_0061,1,0,199
telemetry_01,UAV_0062,1,0,246
telemetry_02,UAV_0062,1,0,246
telemetry_03,UAV_0062,106,240,246
telemetry_04,UAV_0062,2,0,246
telemetry_05,UAV_0062,1,0,246
telemetry_06,UAV_0062,1,0,246
telemetry_07,UAV_0062,187,233,246
telemetry_08,UAV_0062,246,246,246
telemetry_09,UAV_0062,1,0,246
telemetry_10,UAV_0062,1,0,246
telemetry_11,UAV_0062,2,0,246
telemetry_12,UAV_0062,2,0,246
telemetry_13,UAV_0062,1,0,246
telemetry_14,UAV_0062,246,246,246
telemetry_15,UAV_0062,1,0,246
telemetry_16,UAV_0062,6,27,246
telemetry_17,UAV_0062,106,240,246
telemetry_18,UAV_0062,1,0,246
telemetry_19,UAV_0062,1,0,246
telemetry_20,UAV_0062,246,246,246
telemetry_21,UAV_0062,3,0,246
telemetry_22,UAV_0062,1,0,246
telemetry_23,UAV_0062,1,0,246
telemetry_24,UAV_0062,1,0,246
telemetry_25,UAV_0062,3,0,246
telemetry_26,UAV_0062,2,0,246
telemetry_27,UAV_0062,246,246,246
telemetry_28,UAV_0062,1,0,246
telemetry_01,UAV_0063,1,0,231
telemetry_02,UAV_0063,1,0,231
telemetry_03,UAV_0063,120,225,231
telemetry_04,UAV_0063,2,0,231
telemetry_05,UAV_0063,1,0,231
telemetry_06,UAV_0063,1,0,231
telemetry_07,UAV_0063,231,231,231
telemetry_08,UAV_0063,231,231,231
telemetry_09,UAV_0063,1,0,231
telemetry_10,UAV_0063,1,0,231
telemetry_11,UAV_0063,1,0,231
telemetry_12,UAV_0063,2,0,231
telemetry_13,UAV_0063,1,0,231
telemetry_14,UAV_0063,231,231,231
telemetry_15,UAV_0063,1,0,231
telemetry_16,UAV_0063,6,6,231
telemetry_17,UAV_0063,120,225,231
telemetry_18,UAV_0063,1,0,231
telemetry_19,UAV_0063,1,0,231
telemetry_20,UAV_0063,231,231,231
telemetry_21,UAV_0063,3,0,231
telemetry_22,UAV_0063,2,0,231
telemetry_23,UAV_0063,1,0,231
telemetry_24,UAV_0063,1,0,231
telemetry_25,UAV_0063,2,0,231
telemetry_26,UAV_0063,2,0,231
telemetry_27,UAV_0063,231,231,231
telemetry_28,UAV_0063,1,0,231
telemetry_01,UAV_0064,1,0,195
telemetry_02,UAV_0064,1,0,195
telemetry_03,UAV_0064,137,194,195
telemetry_04,UAV_0064,2,0,195
telemetry_05,UAV_0064,1,0,195
telemetry_06,UAV_0064,1,0,195
telemetry_07,UAV_0064,195,195,195
telemetry_08,UAV_0064,195,195,195
telemetry_09,UAV_0064,1,0,195
telemetry_10,UAV_0064,1,0,195
telemetry_11,UAV_0064,1,0,195
telemetry_12,UAV_0064,2,0,195
telemetry_13,UAV_0064,1,0,195
telemetry_14,UAV_0064,195,195,195
telemetry_15,UAV_0064,1,0,195
telemetry_16,UAV_0064,6,6,195
telemetry_17,UAV_0064,137,194,195
telemetry_18,UAV_0064,1,0,195
telemetry_19,UAV_0064,1,0,195
telemetry_20,UAV_0064,195,195,195
telemetry_21,UAV_0064,3,0,195
telemetry_22,UAV_0064,1,0,195
telemetry_23,UAV_0064,1,0,195
telemetry_24,UAV_0064,1,0,195
telemetry_25,UAV_0064,3,0,195
telemetry_26,UAV_0064,2,0,195
telemetry_27,UAV_0064,195,195,195
telemetry_28,UAV_0064,1,0,195
telemetry_01,UAV_0065,1,0,234
telemetry_02,UAV_0065,1,0,234
telemetry_03,UAV_0065,126,229,234
telemetry_04,UAV_0065,2,0,234
telemetry_05,UAV_0065,1,0,234
telemetry_06,UAV_0065,1,0,234
telemetry_07,UAV_0065,234,234,234
telemetry_08,UAV_0065,234,234,234
telemetry_09,UAV_0065,1,0,234
telemetry_10,UAV_0065,1,0,234
telemetry_11,UAV_0065,2,0,234
telemetry_12,UAV_0065,2,0,234
telemetry_13,UAV_0065,1,0,234
telemetry_14,UAV_0065,234,234,234
telemetry_15,UAV_0065,1,0,234
telemetry_16,UAV_0065,6,16,234
telemetry_17,UAV_0065,126,229,234
telemetry_18,UAV_0065,1,0,234
telemetry_19,UAV_0065,1,0,234
telemetry_20,UAV_0065,234,234,234
telemetry_21,UAV_0065,3,0,234
telemetry_22,UAV_0065,2,0,234
telemetry_23,UAV_0065,1,0,234
telemetry_24,UAV_0065,1,0,234
telemetry_25,UAV_0065,2,0,234
telemetry_26,UAV_0065,2,0,234
telemetry_27,UAV_0065,234,234,234
telemetry_28,UAV_0065,1,0,234
telemetry_01,UAV_0066,1,0,165
telemetry_02,UAV_0066,1,0,165
telemetry_03,UAV_0066,93,161,165
telemetry_04,UAV_0066,2,0,165
telemetry_05,UAV_0066,1,0,165
telemetry_06,UAV_0066,1,0,165
telemetry_07,UAV_0066,165,165,165
telemetry_08,UAV_0066,165,165,165
telemetry_09,UAV_0066,1,0,165
telemetry_10,UAV_0066,1,0,165
telemetry_11,UAV_0066,1,0,165
telemetry_12,UAV_0066,2,0,165
telemetry_13,UAV_0066,1,0,165
telemetry_14,UAV_0066,165,165,165
telemetry_15,UAV_0066,1,0,165
telemetry_16,UAV_0066,5,5,165
telemetry_17,UAV_0066,93,161,165
telemetry_18,UAV_0066,1,0,165
telemetry_19,UAV_0066,1,0,165
telemetry_20,UAV_0066,165,165,165
telemetry_21,UAV_0066,2,0,165
telemetry_22,UAV_0066,1,0,165
telemetry_23,UAV_0066,1,0,165
telemetry_24,UAV_0066,1,0,165
telemetry_25,UAV_0066,2,0,165
telemetry_26,UAV_0066,2,0,165
telemetry_27,UAV_0066,165,165,165
telemetry_28,UAV_0066,1,0,165
telemetry_01,UAV_0067,1,0,263
telemetry_02,UAV_0067,1,0,263
telemetry_03,UAV_0067,136,260,263
telemetry_04,UAV_0067,2,0,263
telemetry_05,UAV_0067,1,0,263
telemetry_06,UAV_0067,1,0,263
telemetry_07,UAV_0067,263,263,263
telemetry_08,UAV_0067,263,263,263
telemetry_09,UAV_0067,1,0,263
telemetry_10,UAV_0067,1,0,263
telemetry_11,UAV_0067,1,0,263
telemetry_12,UAV_0067,2,0,263
telemetry_13,UAV_0067,1,0,263
telemetry_14,UAV_0067,263,263,263
telemetry_15,UAV_0067,2,0,263
telemetry_16,UAV_0067,6,11,263
telemetry_17,UAV_0067,136,260,263
telemetry_18,UAV_0067,1,0,263
telemetry_19,UAV_0067,1,0,263
telemetry_20,UAV_0067,263,263,263
telemetry_21,UAV_0067,2,0,263
telemetry_22,UAV_0067,1,0,263
telemetry_23,UAV_0067,1,0,263
telemetry_24,UAV_0067,1,0,263
telemetry_25,UAV_0067,3,0,263
telemetry_26,UAV_0067,2,0,263
telemetry_27,UAV_0067,263,263,263
telemetry_28,UAV_0067,1,0,263
telemetry_01,UAV_0068,1,0,201
telemetry_02,UAV_0068,1,0,201
telemetry_03,UAV_0068,147,194,201
telemetry_04,UAV_0068,2,0,201
telemetry_05,UAV_0068,1,0,201
telemetry_06,UAV_0068,1,0,201
telemetry_07,UAV_0068,201,201,201
telemetry_08,UAV_0068,5,5,201
telemetry_09,UAV_0068,1,0,201
telemetry_10,UAV_0068,1,0,201
telemetry_11,UAV_0068,1,0,201
telemetry_12,UAV_0068,2,0,201
telemetry_13,UAV_0068,1,0,201
telemetry_14,UAV_0068,13,93,201
telemetry_15,UAV_0068,1,0,201
telemetry_16,UAV_0068,6,16,201
telemetry_17,UAV_0068,147,194,201
telemetry_18,UAV_0068,1,0,201
telemetry_19,UAV_0068,1,0,201
telemetry_20,UAV_0068,201,201,201
telemetry_21,UAV_0068,3,0,201
telemetry_22,UAV_0068,1,0,201
telemetry_23,UAV_0068,1,0,201
telemetry_24,UAV_0068,1,0,201
telemetry_25,UAV_0068,2,0,201
telemetry_26,UAV_0068,1,0,201
telemetry_27,UAV_0068,201,201,201
telemetry_28,UAV_0068,1,0,201
telemetry_01,UAV_0069,1,0,170
telemetry_02,UAV_0069,1,0,170
telemetry_03,UAV_0069,78,162,170
telemetry_04,UAV_0069,2,0,170
telemetry_05,UAV_0069,1,0,170
telemetry_06,UAV_0069,1,0,170
telemetry_07,UAV_0069,170,170,170
telemetry_08,UAV_0069,170,170,170
telemetry_09,UAV_0069,1,0,170
telemetry_10,UAV_0069,1,0,170
telemetry_11,UAV_0069,1,0,170
telemetry_12,UAV_0069,2,0,170
telemetry_13,UAV_0069,1,0,170
telemetry_14,UAV_0069,170,170,170
telemetry_15,UAV_0069,2,0,170
telemetry_16,UAV_0069,6,11,170
telemetry_17,UAV_0069,78,162,170
telemetry_18,UAV_0069,1,0,170
telemetry_19,UAV_0069,1,0,170
telemetry_20,UAV_0069,170,170,170
telemetry_21,UAV_0069,3,0,170
telemetry_22,UAV_0069,1,0,170
telemetry_23,UAV_0069,1,0,170
telemetry_24,UAV_0069,1,0,170
telemetry_25,UAV_0069,2,0,170
telemetry_26,UAV_0069,2,0,170
telemetry_27,UAV_0069,170,170,170
telemetry_28,UAV_0069,1,0,170
telemetry_01,UAV_0070,1,0,172
telemetry_02,UAV_0070,1,0,172
telemetry_03,UAV_0070,74,170,172
telemetry_04,UAV_0070,2,0,172
telemetry_05,UAV_0070,1,0,172
telemetry_06,UAV_0070,1,0,172
telemetry_07,UAV_0070,172,172,172
telemetry_08,UAV_0070,172,172,172
telemetry_09,UAV_0070,1,0,172
telemetry_10,UAV_0070,1,0,172
telemetry_11,UAV_0070,1,0,172
telemetry_12,UAV_0070,2,0,172
telemetry_13,UAV_0070,1,0,172
telemetry_14,UAV_0070,172,172,172
telemetry_15,UAV_0070,1,0,172
telemetry_16,UAV_0070,9,26,172
telemetry_17,UAV_0070,74,170,172
telemetry_18,UAV_0070,1,0,172
telemetry_19,UAV_0070,1,0,172
telemetry_20,UAV_0070,172,172,172
telemetry_21,UAV_0070,3,0,172
telemetry_22,UAV_0070,1,0,172
telemetry_23,UAV_0070,1,0,172
telemetry_24,UAV_0070,1,0,172
telemetry_25,UAV_0070,2,0,172
telemetry_26,UAV_0070,2,0,172
telemetry_27,UAV_0070,172,172,172
telemetry_28,UAV_0070,1,0,172
telemetry_01,UAV_0071,1,0,409
telemetry_02,UAV_0071,1,0,409
telemetry_03,UAV_0071,102,401,409
telemetry_04,UAV_0071,2,0,409
telemetry_05,UAV_0071,1,0,409
telemetry_06,UAV_0071,1,0,409
telemetry_07,UAV_0071,312,399,409
telemetry_08,UAV_0071,409,409,409
telemetry_09,UAV_0071,1,0,409
telemetry_10,UAV_0071,1,0,409
telemetry_11,UAV_0071,1,0,409
telemetry_12,UAV_0071,2,0,409
telemetry_13,UAV_0071,1,0,409
telemetry_14,UAV_0071,409,409,409
telemetry_15,UAV_0071,2,0,409
telemetry_16,UAV_0071,10,25,409
telemetry_17,UAV_0071,102,401,409
telemetry_18,UAV_0071,1,0,409
telemetry_19,UAV_0071,1,0,409
telemetry_20,UAV_0071,409,409,409
telemetry_21,UAV_0071,4,0,409
telemetry_22,UAV_0071,1,0,409
telemetry_23,UAV_0071,1,0,409
telemetry_24,UAV_0071,1,0,409
telemetry_25,UAV_0071,3,0,409
telemetry_26,UAV_0071,2,0,409
telemetry_27,UAV_0071,409,409,409
telemetry_28,UAV_0071,1,0,409
telemetry_01,UAV_0072,1,0,232
telemetry_02,UAV_0072,1,0,232
telemetry_03,UAV_0072,120,229,232
telemetry_04,UAV_0072,2,0,232
telemetry_05,UAV_0072,1,0,232
telemetry_06,UAV_0072,1,0,232
telemetry_07,UAV_0072,163,214,232
telemetry_08,UAV_0072,5,5,232
telemetry_09,UAV_0072,1,0,232
telemetry_10,UAV_0072,1,0,232
telemetry_11,UAV_0072,1,0,232
telemetry_12,UAV_0072,3,0,232
telemetry_13,UAV_0072,1,0,232
telemetry_14,UAV_0072,10,28,232
telemetry_15,UAV_0072,1,0,232
telemetry_16,UAV_0072,6,21,232
telemetry_17,UAV_0072,120,229,232
telemetry_18,UAV_0072,1,0,232
telemetry_19,UAV_0072,1,0,232
telemetry_20,UAV_0072,232,232,232
telemetry_21,UAV_0072,2,0,232
telemetry_22,UAV_0072,1,0,232
telemetry_23,UAV_0072,1,0,232
telemetry_24,UAV_0072,1,0,232
telemetry_25,UAV_0072,2,0,232
telemetry_26,UAV_0072,1,0,232
telemetry_27,UAV_0072,232,232,232
telemetry_28,UAV_0072,1,0,232
telemetry_01,UAV_0073,1,0,215
telemetry_02,UAV_0073,1,0,215
telemetry_03,UAV_0073,75,210,215
telemetry_04,UAV_0073,2,0,215
telemetry_05,UAV_0073,1,0,215
telemetry_06,UAV_0073,1,0,215
telemetry_07,UAV_0073,175,205,215
telemetry_08,UAV_0073,215,215,215
telemetry_09,UAV_0073,1,0,215
telemetry_10,UAV_0073,1,0,215
telemetry_11,UAV_0073,1,0,215
telemetry_12,UAV_0073,3,0,215
telemetry_13,UAV_0073,1,0,215
telemetry_14,UAV_0073,215,215,215
telemetry_15,UAV_0073,1,0,215
telemetry_16,UAV_0073,8,14,215
telemetry_17,UAV_0073,75,210,215
telemetry_18,UAV_0073,1,0,215
telemetry_19,UAV_0073,1,0,215
telemetry_20,UAV_0073,215,215,215
telemetry_21,UAV_0073,3,0,215
telemetry_22,UAV_0073,1,0,215
telemetry_23,UAV_0073,1,0,215
telemetry_24,UAV_0073,1,0,215
telemetry_25,UAV_0073,3,0,215
telemetry_26,UAV_0073,1,0,215
telemetry_27,UAV_0073,215,215,215
telemetry_28,UAV_0073,1,0,215
telemetry_01,UAV_0074,1,0,193
telemetry_02,UAV_0074,1,0,193
telemetry_03,UAV_0074,103,190,193
telemetry_04,UAV_0074,2,0,193
telemetry_05,UAV_0074,1,0,193
telemetry_06,UAV_0074,1,0,193
telemetry_07,UAV_0074,193,193,193
telemetry_08,UAV_0074,193,193,193
telemetry_09,UAV_0074,1,0,193
telemetry_10,UAV_0074,1,0,193
telemetry_11,UAV_0074,2,0,193
telemetry_12,UAV_0074,2,0,193
telemetry_13,UAV_0074,1,0,193
telemetry_14,UAV_0074,193,193,193
telemetry_15,UAV_0074,1,0,193
telemetry_16,UAV_0074,5,5,193
telemetry_17,UAV_0074,103,190,193
telemetry_18,UAV_0074,1,0,193
telemetry_19,UAV_0074,1,0,193
telemetry_20,UAV_0074,193,193,193
telemetry_21,UAV_0074,3,0,193
telemetry_22,UAV_0074,1,0,193
telemetry_23,UAV_0074,1,0,193
telemetry_24,UAV_0074,1,0,193
telemetry_25,UAV_0074,2,0,193
telemetry_26,UAV_0074,1,0,193
telemetry_27,UAV_0074,193,193,193
telemetry_28,UAV_0074,1,0,193
telemetry_01,UAV_0075,1,0,259
telemetry_02,UAV_0075,1,0,259
telemetry_03,UAV_0075,115,252,259
telemetry_04,UAV_0075,2,0,259
telemetry_05,UAV_0075,1,0,259
telemetry_06,UAV_0075,1,0,259
telemetry_07,UAV_0075,203,240,259
telemetry_08,UAV_0075,259,259,259
telemetry_09,UAV_0075,1,0,259
telemetry_10,UAV_0075,1,0,259
telemetry_11,UAV_0075,2,0,259
telemetry_12,UAV_0075,2,0,259
telemetry_13,UAV_0075,1,0,259
telemetry_14,UAV_0075,259,259,259
telemetry_15,UAV_0075,1,0,259
telemetry_16,UAV_0075,6,12,259
telemetry_17,UAV_0075,115,252,259
telemetry_18,UAV_0075,1,0,259
telemetry_19,UAV_0075,1,0,259
telemetry_20,UAV_0075,259,259,259
telemetry_21,UAV_0075,3,0,259
telemetry_22,UAV_0075,1,0,259
telemetry_23,UAV_0075,1,0,259
telemetry_24,UAV_0075,1,0,259
telemetry_25,UAV_0075,3,0,259
telemetry_26,UAV_0075,2,0,259
telemetry_27,UAV_0075,259,259,259
telemetry_28,UAV_0075,1,0,259
telemetry_01,UAV_0076,1,0,153
telemetry_02,UAV_0076,1,0,153
telemetry_03,UAV_0076,82,151,153
telemetry_04,UAV_0076,2,0,153
telemetry_05,UAV_0076,1,0,153
telemetry_06,UAV_0076,1,0,153
telemetry_07,UAV_0076,153,153,153
telemetry_08,UAV_0076,4,0,153
telemetry_09,UAV_0076,1,0,153
telemetry_10,UAV_0076,1,0,153
telemetry_11,UAV_0076,1,0,153
telemetry_12,UAV_0076,2,0,153
telemetry_13,UAV_0076,1,0,153
telemetry_14,UAV_0076,9,27,153
telemetry_15,UAV_0076,1,0,153
telemetry_16,UAV_0076,8,8,153
telemetry_17,UAV_0076,82,151,153
telemetry_18,UAV_0076,1,0,153
telemetry_19,UAV_0076,1,0,153
telemetry_20,UAV_0076,153,153,153
telemetry_21,UAV_0076,3,0,153
telemetry_22,UAV_0076,1,0,153
telemetry_23,UAV_0076,1,0,153
telemetry_24,UAV_0076,1,0,153
telemetry_25,UAV_0076,2,0,153
telemetry_26,UAV_0076,1,0,153
telemetry_27,UAV_0076,153,153,153
telemetry_28,UAV_0076,1,0,153
telemetry_01,UAV_0077,1,0,255
telemetry_02,UAV_0077,1,0,255
telemetry_03,UAV_0077,96,248,255
telemetry_04,UAV_0077,2,0,255
telemetry_05,UAV_0077,1,0,255
telemetry_06,UAV_0077,1,0,255
telemetry_07,UAV_0077,154,231,255
telemetry_08,UAV_0077,255,255,255
telemetry_09,UAV_0077,1,0,255
telemetry_10,UAV_0077,1,0,255
telemetry_11,UAV_0077,1,0,255
telemetry_12,UAV_0077,2,0,255
telemetry_13,UAV_0077,1,0,255
telemetry_14,UAV_0077,255,255,255
telemetry_15,UAV_0077,1,0,255
telemetry_16,UAV_0077,7,12,255
telemetry_17,UAV_0077,96,248,255
telemetry_18,UAV_0077,1,0,255
telemetry_19,UAV_0077,1,0,255
telemetry_20,UAV_0077,255,255,255
telemetry_21,UAV_0077,3,0,255
telemetry_22,UAV_0077,2,0,255
telemetry_23,UAV_0077,1,0,255
telemetry_24,UAV_0077,1,0,255
telemetry_25,UAV_0077,2,0,255
telemetry_26,UAV_0077,1,0,255
telemetry_27,UAV_0077,255,255,255
telemetry_28,UAV_0077,1,0,255
telemetry_01,UAV_0078,1,0,221
telemetry_02,UAV_0078,1,0,221
telemetry_03,UAV_0078,133,219,221
telemetry_04,UAV_0078,2,0,221
telemetry_05,UAV_0078,1,0,221
telemetry_06,UAV_0078,1,0,221
telemetry_07,UAV_0078,221,221,221
telemetry_08,UAV_0078,3,0,221
telemetry_09,UAV_0078,1,0,221
telemetry_10,UAV_0078,1,0,221
telemetry_11,UAV_0078,1,0,221
telemetry_12,UAV_0078,2,0,221
telemetry_13,UAV_0078,1,0,221
telemetry_14,UAV_0078,4,0,221
telemetry_15,UAV_0078,2,0,221
telemetry_16,UAV_0078,5,15,221
telemetry_17,UAV_0078,133,219,221
telemetry_18,UAV_0078,1,0,221
telemetry_19,UAV_0078,1,0,221
telemetry_20,UAV_0078,221,221,221
telemetry_21,UAV_0078,3,0,221
telemetry_22,UAV_0078,1,0,221
telemetry_23,UAV_0078,1,0,221
telemetry_24,UAV_0078,1,0,221
telemetry_25,UAV_0078,3,0,221
telemetry_26,UAV_0078,1,0,221
telemetry_27,UAV_0078,221,221,221
telemetry_28,UAV_0078,1,0,221
telemetry_01,UAV_0079,1,0,166
telemetry_02,UAV_0079,1,0,166
telemetry_03,UAV_0079,62,158,166
telemetry_04,UAV_0079,2,0,166
telemetry_05,UAV_0079,1,0,166
telemetry_06,UAV_0079,1,0,166
telemetry_07,UAV_0079,166,166,166
telemetry_08,UAV_0079,166,166,166
telemetry_09,UAV_0079,1,0,166
telemetry_10,UAV_0079,1,0,166
telemetry_11,UAV_0079,1,0,166
telemetry_12,UAV_0079,2,0,166
telemetry_13,UAV_0079,1,0,166
telemetry_14,UAV_0079,166,166,166
telemetry_15,UAV_0079,1,0,166
telemetry_16,UAV_0079,5,10,166
telemetry_17,UAV_0079,62,158,166
telemetry_18,UAV_0079,1,0,166
telemetry_19,UAV_0079,1,0,166
telemetry_20,UAV_0079,166,166,166
telemetry_21,UAV_0079,3,0,166
telemetry_22,UAV_0079,1,0,166
telemetry_23,UAV_0079,1,0,166
telemetry_24,UAV_0079,1,0,166
telemetry_25,UAV_0079,2,0,166
telemetry_26,UAV_0079,2,0,166
telemetry_27,UAV_0079,166,166,166
telemetry_28,UAV_0079,1,0,166
telemetry_01,UAV_0080,1,0,147
telemetry_02,UAV_0080,1,0,147
telemetry_03,UAV_0080,114,145,147
telemetry_04,UAV_0080,2,0,147
telemetry_05,UAV_0080,1,0,147
telemetry_06,UAV_0080,1,0,147
telemetry_07,UAV_0080,147,147,147
telemetry_08,UAV_0080,147,147,147
telemetry_09,UAV_0080,1,0,147
telemetry_10,UAV_0080,1,0,147
telemetry_11,UAV_0080,2,0,147
telemetry_12,UAV_0080,2,0,147
telemetry_13,UAV_0080,1,0,147
telemetry_14,UAV_0080,147,147,147
telemetry_15,UAV_0080,1,0,147
telemetry_16,UAV_0080,4,0,147
telemetry_17,UAV_0080,114,145,147
telemetry_18,UAV_0080,1,0,147
telemetry_19,UAV_0080,1,0,147
telemetry_20,UAV_0080,147,147,147
telemetry_21,UAV_0080,3,0,147
telemetry_22,UAV_0080,1,0,147
telemetry_23,UAV_0080,1,0,147
telemetry_24,UAV_0080,1,0,147
telemetry_25,UAV_0080,2,0,147
telemetry_26,UAV_0080,2,0,147
telemetry_27,UAV_0080,147,147,147
telemetry_28,UAV_0080,1,0,147
telemetry_01,UAV_0081,1,0,347
telemetry_02,UAV_0081,1,0,347
telemetry_03,UAV_0081,165,343,347
telemetry_04,UAV_0081,2,0,347
telemetry_05,UAV_0081,1,0,347
telemetry_06,UAV_0081,1,0,347
telemetry_07,UAV_0081,245,316,347
telemetry_08,UAV_0081,347,347,347
telemetry_09,UAV_0081,1,0,347
telemetry_10,UAV_0081,1,0,347
telemetry_11,UAV_0081,1,0,347
telemetry_12,UAV_0081,2,0,347
telemetry_13,UAV_0081,1,0,347
telemetry_14,UAV_0081,347,347,347
telemetry_15,UAV_0081,2,0,347
telemetry_16,UAV_0081,6,6,347
telemetry_17,UAV_0081,165,343,347
telemetry_18,UAV_0081,1,0,347
telemetry_19,UAV_0081,1,0,347
telemetry_20,UAV_0081,347,347,347
telemetry_21,UAV_0081,4,0,347
telemetry_22,UAV_0081,1,0,347
telemetry_23,UAV_0081,1,0,347
telemetry_24,UAV_0081,1,0,347
telemetry_25,UAV_0081,3,0,347
telemetry_26,UAV_0081,2,0,347
telemetry_27,UAV_0081,347,347,347
telemetry_28,UAV_0081,1,0,347
telemetry_01,UAV_0082,1,0,285
telemetry_02,UAV_0082,1,0,285
telemetry_03,UAV_0082,122,272,285
telemetry_04,UAV_0082,2,0,285
telemetry_05,UAV_0082,1,0,285
telemetry_06,UAV_0082,1,0,285
telemetry_07,UAV_0082,191,254,285
telemetry_08,UAV_0082,285,285,285
telemetry_09,UAV_0082,1,0,285
telemetry_10,UAV_0082,1,0,285
telemetry_11,UAV_0082,1,0,285
telemetry_12,UAV_0082,2,0,285
telemetry_13,UAV_0082,1,0,285
telemetry_14,UAV_0082,285,285,285
telemetry_15,UAV_0082,1,0,285
telemetry_16,UAV_0082,6,6,285
telemetry_17,UAV_0082,122,272,285
telemetry_18,UAV_0082,1,0,285
telemetry_19,UAV_0082,1,0,285
telemetry_20,UAV_0082,285,285,285
telemetry_21,UAV_0082,3,0,285
telemetry_22,UAV_0082,1,0,285
telemetry_23,UAV_0082,1,0,285
telemetry_24,UAV_0082,1,0,285
telemetry_25,UAV_0082,2,0,285
telemetry_26,UAV_0082,1,0,285
telemetry_27,UAV_0082,285,285,285
telemetry_28,UAV_0082,1,0,285
telemetry_01,UAV_0083,1,0,181
telemetry_02,UAV_0083,1,0,181
telemetry_03,UAV_0083,127,179,181
telemetry_04,UAV_0083,1,0,181
telemetry_05,UAV_0083,1,0,181
telemetry_06,UAV_0083,1,0,181
telemetry_07,UAV_0083,181,181,181
telemetry_08,UAV_0083,181,181,181
telemetry_09,UAV_0083,1,0,181
telemetry_10,UAV_0083,1,0,181
telemetry_11,UAV_0083,1,0,181
telemetry_12,UAV_0083,2,0,181
telemetry_13,UAV_0083,1,0,181
telemetry_14,UAV_0083,181,181,181
telemetry_15,UAV_0083,1,0,181
telemetry_16,UAV_0083,6,6,181
telemetry_17,UAV_0083,127,179,181
telemetry_18,UAV_0083,1,0,181
telemetry_19,UAV_0083,1,0,181
telemetry_20,UAV_0083,181,181,181
telemetry_21,UAV_0083,3,0,181
telemetry_22,UAV_0083,1,0,181
telemetry_23,UAV_0083,1,0,181
telemetry_24,UAV_0083,1,0,181
telemetry_25,UAV_0083,2,0,181
telemetry_26,UAV_0083,2,0,181
telemetry_27,UAV_0083,181,181,181
telemetry_28,UAV_0083,1,0,181
telemetry_01,UAV_0084,1,0,226
telemetry_02,UAV_0084,1,0,226
telemetry_03,UAV_0084,80,218,226
telemetry_04,UAV_0084,3,0,226
telemetry_05,UAV_0084,1,0,226
telemetry_06,UAV_0084,2,0,226
telemetry_07,UAV_0084,173,212,226
telemetry_08,UAV_0084,226,226,226
telemetry_09,UAV_0084,1,0,226
telemetry_10,UAV_0084,1,0,226
telemetry_11,UAV_0084,1,0,226
telemetry_12,UAV_0084,2,0,226
telemetry_13,UAV_0084,1,0,226
telemetry_14,UAV_0084,226,226,226
telemetry_15,UAV_0084,1,0,226
telemetry_16,UAV_0084,4,0,226
telemetry_17,UAV_0084,80,218,226
telemetry_18,UAV_0084,1,0,226
telemetry_19,UAV_0084,1,0,226
telemetry_20,UAV_0084,226,226,226
telemetry_21,UAV_0084,4,0,226
telemetry_22,UAV_0084,1,0,226
telemetry_23,UAV_0084,1,0,226
telemetry_24,UAV_0084,1,0,226
telemetry_25,UAV_0084,2,0,226
telemetry_26,UAV_0084,1,0,226
telemetry_27,UAV_0084,226,226,226
telemetry_28,UAV_0084,1,0,226
telemetry_01,UAV_0085,1,0,266
telemetry_02,UAV_0085,1,0,266
telemetry_03,UAV_0085,124,262,266
telemetry_04,UAV_0085,2,0,266
telemetry_05,UAV_0085,1,0,266
telemetry_06,UAV_0085,1,0,266
telemetry_07,UAV_0085,160,247,266
telemetry_08,UAV_0085,5,10,266
telemetry_09,UAV_0085,1,0,266
telemetry_10,UAV_0085,1,0,266
telemetry_11,UAV_0085,2,0,266
telemetry_12,UAV_0085,2,0,266
telemetry_13,UAV_0085,1,0,266
telemetry_14,UAV_0085,5,10,266
telemetry_15,UAV_0085,1,0,266
telemetry_16,UAV_0085,7,17,266
telemetry_17,UAV_0085,124,262,266
telemetry_18,UAV_0085,1,0,266
telemetry_19,UAV_0085,1,0,266
telemetry_20,UAV_0085,266,266,266
telemetry_21,UAV_0085,3,0,266
telemetry_22,UAV_0085,1,0,266
telemetry_23,UAV_0085,1,0,266
telemetry_24,UAV_0085,1,0,266
telemetry_25,UAV_0085,3,0,266
telemetry_26,UAV_0085,1,0,266
telemetry_27,UAV_0085,266,266,266
telemetry_28,UAV_0085,1,0,266
telemetry_01,UAV_0086,1,0,341
telemetry_02,UAV_0086,1,0,341
telemetry_03,UAV_0086,76,332,341
telemetry_04,UAV_0086,2,0,341
telemetry_05,UAV_0086,1,0,341
telemetry_06,UAV_0086,1,0,341
telemetry_07,UAV_0086,341,341,341
telemetry_08,UAV_0086,341,341,341
telemetry_09,UAV_0086,1,0,341
telemetry_10,UAV_0086,1,0,341
telemetry_11,UAV_0086,1,0,341
telemetry_12,UAV_0086,3,0,341
telemetry_13,UAV_0086,1,0,341
telemetry_14,UAV_0086,341,341,341
telemetry_15,UAV_0086,1,0,341
telemetry_16,UAV_0086,5,10,341
telemetry_17,UAV_0086,76,332,341
telemetry_18,UAV_0086,1,0,341
telemetry_19,UAV_0086,1,0,341
telemetry_20,UAV_0086,341,341,341
telemetry_21,UAV_0086,3,0,341
telemetry_22,UAV_0086,2,0,341
telemetry_23,UAV_0086,1,0,341
telemetry_24,UAV_0086,1,0,341
telemetry_25,UAV_0086,3,0,341
telemetry_26,UAV_0086,2,0,341
telemetry_27,UAV_0086,341,341,341
telemetry_28,UAV_0086,1,0,341
telemetry_01,UAV_0087,1,0,172
telemetry_02,UAV_0087,1,0,172
telemetry_03,UAV_0087,84,169,172
telemetry_04,UAV_0087,2,0,172
telemetry_05,UAV_0087,1,0,172
telemetry_06,UAV_0087,1,0,172
telemetry_07,UAV_0087,172,172,172
telemetry_08,UAV_0087,172,172,172
telemetry_09,UAV_0087,1,0,172
telemetry_10,UAV_0087,1,0,172
telemetry_11,UAV_0087,1,0,172
telemetry_12,UAV_0087,2,0,172
telemetry_13,UAV_0087,1,0,172
telemetry_14,UAV_0087,172,172,172
telemetry_15,UAV_0087,1,0,172
telemetry_16,UAV_0087,4,0,172
telemetry_17,UAV_0087,84,169,172
telemetry_18,UAV_0087,1,0,172
telemetry_19,UAV_0087,1,0,172
telemetry_20,UAV_0087,172,172,172
telemetry_21,UAV_0087,3,0,172
telemetry_22,UAV_0087,1,0,172
telemetry_23,UAV_0087,1,0,172
telemetry_24,UAV_0087,1,0,172
telemetry_25,UAV_0087,2,0,172
telemetry_26,UAV_0087,2,0,172
telemetry_27,UAV_0087,172,172,172
telemetry_28,UAV_0087,1,0,172
telemetry_01,UAV_0088,1,0,322
telemetry_02,UAV_0088,1,0,322
telemetry_03,UAV_0088,147,318,322
telemetry_04,UAV_0088,2,0,322
telemetry_05,UAV_0088,1,0,322
telemetry_06,UAV_0088,1,0,322
telemetry_07,UAV_0088,245,302,322
telemetry_08,UAV_0088,322,322,322
telemetry_09,UAV_0088,1,0,322
telemetry_10,UAV_0088,1,0,322
telemetry_11,UAV_0088,1,0,322
telemetry_12,UAV_0088,3,0,322
telemetry_13,UAV_0088,1,0,322
telemetry_14,UAV_0088,322,322,322
telemetry_15,UAV_0088,2,0,322
telemetry_16,UAV_0088,6,22,322
telemetry_17,UAV_0088,147,318,322
telemetry_18,UAV_0088,1,0,322
telemetry_19,UAV_0088,1,0,322
telemetry_20,UAV_0088,322,322,322
telemetry_21,UAV_0088,3,0,322
telemetry_22,UAV_0088,1,0,322
telemetry_23,UAV_0088,1,0,322
telemetry_24,UAV_0088,1,0,322
telemetry_25,UAV_0088,2,0,322
telemetry_26,UAV_0088,2,0,322
telemetry_27,UAV_0088,322,322,322
telemetry_28,UAV_0088,1,0,322
telemetry_01,UAV_0089,1,0,207
telemetry_02,UAV_0089,1,0,207
telemetry_03,UAV_0089,75,202,207
telemetry_04,UAV_0089,2,0,207
telemetry_05,UAV_0089,1,0,207
telemetry_06,UAV_0089,2,0,207
telemetry_07,UAV_0089,168,199,207
telemetry_08,UAV_0089,4,0,207
telemetry_09,UAV_0089,1,0,207
telemetry_10,UAV_0089,1,0,207
telemetry_11,UAV_0089,1,0,207
telemetry_12,UAV_0089,2,0,207
telemetry_13,UAV_0089,1,0,207
telemetry_14,UAV_0089,6,16,207
telemetry_15,UAV_0089,1,0,207
telemetry_16,UAV_0089,8,13,207
telemetry_17,UAV_0089,75,202,207
telemetry_18,UAV_0089,1,0,207
telemetry_19,UAV_0089,1,0,207
telemetry_20,UAV_0089,207,207,207
telemetry_21,UAV_0089,3,0,207
telemetry_22,UAV_0089,1,0,207
telemetry_23,UAV_0089,1,0,207
telemetry_24,UAV_0089,1,0,207
telemetry_25,UAV_0089,2,0,207
telemetry_26,UAV_0089,1,0,207
telemetry_27,UAV_0089,207,207,207
telemetry_28,UAV_0089,1,0,207
telemetry_01,UAV_0090,1,0,181
telemetry_02,UAV_0090,1,0,181
telemetry_03,UAV_0090,123,176,181
telemetry_04,UAV_0090,2,0,181
telemetry_05,UAV_0090,1,0,181
telemetry_06,UAV_0090,1,0,181
telemetry_07,UAV_0090,181,181,181
telemetry_08,UAV_0090,181,181,181
telemetry_09,UAV_0090,1,0,181
telemetry_10,UAV_0090,1,0,181
telemetry_11,UAV_0090,1,0,181
telemetry_12,UAV_0090,2,0,181
telemetry_13,UAV_0090,1,0,181
telemetry_14,UAV_0090,181,181,181
telemetry_15,UAV_0090,1,0,181
telemetry_16,UAV_0090,4,0,181
telemetry_17,UAV_0090,123,176,181
telemetry_18,UAV_0090,1,0,181
telemetry_19,UAV_0090,1,0,181
telemetry_20,UAV_0090,181,181,181
telemetry_21,UAV_0090,3,0,181
telemetry_22,UAV_0090,1,0,181
telemetry_23,UAV_0090,1,0,181
telemetry_24,UAV_0090,1,0,181
telemetry_25,UAV_0090,2,0,181
telemetry_26,UAV_0090,2,0,181
telemetry_27,UAV_0090,181,181,181
telemetry_28,UAV_0090,1,0,181
telemetry_01,UAV_0091,1,0,156
telemetry_02,UAV_0091,1,0,156
telemetry_03,UAV_0091,97,155,156
telemetry_04,UAV_0091,2,0,156
telemetry_05,UAV_0091,1,0,156
telemetry_06,UAV_0091,1,0,156
telemetry_07,UAV_0091,156,156,156
telemetry_08,UAV_0091,156,156,156
telemetry_09,UAV_0091,1,0,156
telemetry_10,UAV_0091,1,0,156
telemetry_11,UAV_0091,1,0,156
telemetry_12,UAV_0091,2,0,156
telemetry_13,UAV_0091,1,0,156
telemetry_14,UAV_0091,156,156,156
telemetry_15,UAV_0091,1,0,156
telemetry_16,UAV_0091,5,10,156
telemetry_17,UAV_0091,97,155,156
telemetry_18,UAV_0091,1,0,156
telemetry_19,UAV_0091,1,0,156
telemetry_20,UAV_0091,156,156,156
telemetry_21,UAV_0091,2,0,156
telemetry_22,UAV_0091,1,0,156
telemetry_23,UAV_0091,1,0,156
telemetry_24,UAV_0091,1,0,156
telemetry_25,UAV_0091,2,0,156
telemetry_26,UAV_0091,2,0,156
telemetry_27,UAV_0091,156,156,156
telemetry_28,UAV_0091,1,0,156
telemetry_01,UAV_0092,1,0,158
telemetry_02,UAV_0092,1,0,158
telemetry_03,UAV_0092,84,156,158
telemetry_04,UAV_0092,2,0,158
telemetry_05,UAV_0092,1,0,158
telemetry_06,UAV_0092,1,0,158
telemetry_07,UAV_0092,158,158,158
telemetry_08,UAV_0092,158,158,158
telemetry_09,UAV_0092,1,0,158
telemetry_10,UAV_0092,1,0,158
telemetry_11,UAV_0092,2,0,158
telemetry_12,UAV_0092,2,0,158
telemetry_13,UAV_0092,1,0,158
telemetry_14,UAV_0092,158,158,158
telemetry_15,UAV_0092,1,0,158
telemetry_16,UAV_0092,7,14,158
telemetry_17,UAV_0092,84,156,158
telemetry_18,UAV_0092,1,0,158
telemetry_19,UAV_0092,1,0,158
telemetry_20,UAV_0092,158,158,158
telemetry_21,UAV_0092,3,0,158
telemetry_22,UAV_0092,1,0,158
telemetry_23,UAV_0092,1,0,158
telemetry_24,UAV_0092,1,0,158
telemetry_25,UAV_0092,2,0,158
telemetry_26,UAV_0092,1,0,158
telemetry_27,UAV_0092,158,158,158
telemetry_28,UAV_0092,1,0,158
telemetry_01,UAV_0093,1,0,171
telemetry_02,UAV_0093,1,0,171
telemetry_03,UAV_0093,111,169,171
telemetry_04,UAV_0093,2,0,171
telemetry_05,UAV_0093,1,0,171
telemetry_06,UAV_0093,2,0,171
telemetry_07,UAV_0093,171,171,171
telemetry_08,UAV_0093,171,171,171
telemetry_09,UAV_0093,1,0,171
telemetry_10,UAV_0093,1,0,171
telemetry_11,UAV_0093,2,0,171
telemetry_12,UAV_0093,2,0,171
telemetry_13,UAV_0093,1,0,171
telemetry_14,UAV_0093,171,171,171
telemetry_15,UAV_0093,1,0,171
telemetry_16,UAV_0093,6,16,171
telemetry_17,UAV_0093,111,169,171
telemetry_18,UAV_0093,1,0,171
telemetry_19,UAV_0093,1,0,171
telemetry_20,UAV_0093,171,171,171
telemetry_21,UAV_0093,2,0,171
telemetry_22,UAV_0093,2,0,171
telemetry_23,UAV_0093,1,0,171
telemetry_24,UAV_0093,1,0,171
telemetry_25,UAV_0093,2,0,171
telemetry_26,UAV_0093,2,0,171
telemetry_27,UAV_0093,171,171,171
telemetry_28,UAV_0093,1,0,171
telemetry_01,UAV_0094,1,0,392
telemetry_02,UAV_0094,1,0,392
telemetry_03,UAV_0094,65,372,392
telemetry_04,UAV_0094,2,0,392
telemetry_05,UAV_0094,1,0,392
telemetry_06,UAV_0094,1,0,392
telemetry_07,UAV_0094,87,326,392
telemetry_08,UAV_0094,392,392,392
telemetry_09,UAV_0094,1,0,392
telemetry_10,UAV_0094,1,0,392
telemetry_11,UAV_0094,1,0,392
telemetry_12,UAV_0094,3,0,392
telemetry_13,UAV_0094,1,0,392
telemetry_14,UAV_0094,392,392,392
telemetry_15,UAV_0094,1,0,392
telemetry_16,UAV_0094,5,5,392
telemetry_17,UAV_0094,65,372,392
telemetry_18,UAV_0094,1,0,392
telemetry_19,UAV_0094,1,0,392
telemetry_20,UAV_0094,392,392,392
telemetry_21,UAV_0094,4,0,392
telemetry_22,UAV_0094,2,0,392
telemetry_23,UAV_0094,1,0,392
telemetry_24,UAV_0094,1,0,392
telemetry_25,UAV_0094,2,0,392
telemetry_26,UAV_0094,2,0,392
telemetry_27,UAV_0094,392,392,392
telemetry_28,UAV_0094,1,0,392
telemetry_01,UAV_0095,1,0,166
telemetry_02,UAV_0095,1,0,166
telemetry_03,UAV_0095,35,159,166
telemetry_04,UAV_0095,2,0,166
telemetry_05,UAV_0095,1,0,166
telemetry_06,UAV_0095,1,0,166
telemetry_07,UAV_0095,166,166,166
telemetry_08,UAV_0095,166,166,166
telemetry_09,UAV_0095,1,0,166
telemetry_10,UAV_0095,1,0,166
telemetry_11,UAV_0095,1,0,166
telemetry_12,UAV_0095,2,0,166
telemetry_13,UAV_0095,1,0,166
telemetry_14,UAV_0095,166,166,166
telemetry_15,UAV_0095,1,0,166
telemetry_16,UAV_0095,5,10,166
telemetry_17,UAV_0095,35,159,166
telemetry_18,UAV_0095,1,0,166
telemetry_19,UAV_0095,1,0,166
telemetry_20,UAV_0095,166,166,166
telemetry_21,UAV_0095,3,0,166
telemetry_22,UAV_0095,2,0,166
telemetry_23,UAV_0095,1,0,166
telemetry_24,UAV_0095,1,0,166
telemetry_25,UAV_0095,2,0,166
telemetry_26,UAV_0095,2,0,166
telemetry_27,UAV_0095,166,166,166
telemetry_28,UAV_0095,1,0,166
telemetry_01,UAV_0096,1,0,491
telemetry_02,UAV_0096,1,0,491
telemetry_03,UAV_0096,117,480,491
telemetry_04,UAV_0096,2,0,491
telemetry_05,UAV_0096,1,0,491
telemetry_06,UAV_0096,1,0,491
telemetry_07,UAV_0096,356,470,491
telemetry_08,UAV_0096,491,491,491
telemetry_09,UAV_0096,1,0,491
telemetry_10,UAV_0096,1,0,491
telemetry_11,UAV_0096,2,0,491
telemetry_12,UAV_0096,2,0,491
telemetry_13,UAV_0096,1,0,491
telemetry_14,UAV_0096,491,491,491
telemetry_15,UAV_0096,1,0,491
telemetry_16,UAV_0096,7,27,491
telemetry_17,UAV_0096,117,480,491
telemetry_18,UAV_0096,1,0,491
telemetry_19,UAV_0096,1,0,491
telemetry_20,UAV_0096,491,491,491
telemetry_21,UAV_0096,3,0,491
telemetry_22,UAV_0096,1,0,491
telemetry_23,UAV_0096,1,0,491
telemetry_24,UAV_0096,1,0,491
telemetry_25,UAV_0096,2,0,491
telemetry_26,UAV_0096,2,0,491
telemetry_27,UAV_0096,491,491,491
telemetry_28,UAV_0096,1,0,491
telemetry_01,UAV_0097,1,0,275
telemetry_02,UAV_0097,1,0,275
telemetry_03,UAV_0097,99,269,275
telemetry_04,UAV_0097,2,0,275
telemetry_05,UAV_0097,1,0,275
telemetry_06,UAV_0097,1,0,275
telemetry_07,UAV_0097,201,270,275
telemetry_08,UAV_0097,275,275,275
telemetry_09,UAV_0097,1,0,275
telemetry_10,UAV_0097,1,0,275
telemetry_11,UAV_0097,2,0,275
telemetry_12,UAV_0097,2,0,275
telemetry_13,UAV_0097,1,0,275
telemetry_14,UAV_0097,275,275,275
telemetry_15,UAV_0097,2,0,275
telemetry_16,UAV_0097,6,11,275
telemetry_17,UAV_0097,99,269,275
telemetry_18,UAV_0097,1,0,275
telemetry_19,UAV_0097,1,0,275
telemetry_20,UAV_0097,275,275,275
telemetry_21,UAV_0097,3,0,275
telemetry_22,UAV_0097,1,0,275
telemetry_23,UAV_0097,1,0,275
telemetry_24,UAV_0097,1,0,275
telemetry_25,UAV_0097,2,0,275
telemetry_26,UAV_0097,2,0,275
telemetry_27,UAV_0097,275,275,275
telemetry_28,UAV_0097,1,0,275
telemetry_01,UAV_0098,1,0,307
telemetry_02,UAV_0098,1,0,307
telemetry_03,UAV_0098,174,303,307
telemetry_04,UAV_0098,2,0,307
telemetry_05,UAV_0098,1,0,307
telemetry_06,UAV_0098,1,0,307
telemetry_07,UAV_0098,231,293,307
telemetry_08,UAV_0098,307,307,307
telemetry_09,UAV_0098,1,0,307
telemetry_10,UAV_0098,1,0,307
telemetry_11,UAV_0098,1,0,307
telemetry_12,UAV_0098,2,0,307
telemetry_13,UAV_0098,1,0,307
telemetry_14,UAV_0098,307,307,307
telemetry_15,UAV_0098,1,0,307
telemetry_16,UAV_0098,6,22,307
telemetry_17,UAV_0098,174,303,307
telemetry_18,UAV_0098,1,0,307
telemetry_19,UAV_0098,1,0,307
telemetry_20,UAV_0098,307,307,307
telemetry_21,UAV_0098,3,0,307
telemetry_22,UAV_0098,1,0,307
telemetry_23,UAV_0098,1,0,307
telemetry_24,UAV_0098,1,0,307
telemetry_25,UAV_0098,2,0,307
telemetry_26,UAV_0098,2,0,307
telemetry_27,UAV_0098,307,307,307
telemetry_28,UAV_0098,1,0,307
telemetry_01,UAV_0099,1,0,145
telemetry_02,UAV_0099,1,0,145
telemetry_03,UAV_0099,145,145,145
telemetry_04,UAV_0099,2,0,145
telemetry_05,UAV_0099,1,0,145
telemetry_06,UAV_0099,1,0,145
telemetry_07,UAV_0099,145,145,145
telemetry_08,UAV_0099,145,145,145
telemetry_09,UAV_0099,1,0,145
telemetry_10,UAV_0099,1,0,145
telemetry_11,UAV_0099,1,0,145
telemetry_12,UAV_0099,2,0,145
telemetry_13,UAV_0099,1,0,145
telemetry_14,UAV_0099,145,145,145
telemetry_15,UAV_0099,1,0,145
telemetry_16,UAV_0099,5,5,145
telemetry_17,UAV_0099,145,145,145
telemetry_18,UAV_0099,1,0,145
telemetry_19,UAV_0099,1,0,145
telemetry_20,UAV_0099,145,145,145
telemetry_21,UAV_0099,3,0,145
telemetry_22,UAV_0099,1,0,145
telemetry_23,UAV_0099,1,0,145
telemetry_24,UAV_0099,1,0,145
telemetry_25,UAV_0099,2,0,145
telemetry_26,UAV_0099,2,0,145
telemetry_27,UAV_0099,145,145,145
telemetry_28,UAV_0099,1,0,145
telemetry_01,UAV_0100,1,0,152
telemetry_02,UAV_0100,1,0,152
telemetry_03,UAV_0100,57,148,152
telemetry_04,UAV_0100,2,0,152
telemetry_05,UAV_0100,1,0,152
telemetry_06,UAV_0100,1,0,152
telemetry_07,UAV_0100,152,152,152
telemetry_08,UAV_0100,152,152,152
telemetry_09,UAV_0100,1,0,152
telemetry_10,UAV_0100,1,0,152
telemetry_11,UAV_0100,1,0,152
telemetry_12,UAV_0100,2,0,152
telemetry_13,UAV_0100,1,0,152
telemetry_14,UAV_0100,152,152,152
telemetry_15,UAV_0100,1,0,152
telemetry_16,UAV_0100,4,0,152
telemetry_17,UAV_0100,57,148,152
telemetry_18,UAV_0100,1,0,152
telemetry_19,UAV_0100,1,0,152
telemetry_20,UAV_0100,152,152,152
telemetry_21,UAV_0100,3,0,152
telemetry_22,UAV_0100,1,0,152
telemetry_23,UAV_0100,1,0,152
telemetry_24,UAV_0100,1,0,152
telemetry_25,UAV_0100,2,0,152
telemetry_26,UAV_0100,1,0,152
telemetry_27,UAV_0100,152,152,152
telemetry_28,UAV_0100,1,0,152
